scientific_name,common_name_uk,edibility_status,has_photos,in_top20,is_popular,is_poisonous,is_deadly,is_red_listed,rarity_label_uk,in_ai_recognition,has_ai_prompt,legacy_id,zones,key_features_ai,season,photo_path
Boletus edulis,Білий гриб,edible,1,1,1,0,0,0,,1,1,1,,,,фото Топ-20 грибів (webp)/Білий гриб Boletus edulis/large.webp
Lactarius torminosus,Вовнянка рожева,conditionally_edible,1,1,1,0,0,0,,1,1,16,,,,фото Топ-20 грибів (webp)/Вовнянка рожева Lactarius torminosus/large.webp
Pleurotus ostreatus,Глива звичайна,edible,1,1,1,0,0,0,,1,1,17,,,,фото Топ-20 грибів (webp)/Глива звичайна Pleurotus ostreatus/large.webp
Lactarius resimus,Груздь справжній,conditionally_edible,1,1,1,0,0,0,,1,1,8,,,,фото Топ-20 грибів (webp)/Груздь справжній Lactarius resimus/large.webp
Lycoperdon perlatum,Дощовик їстівний,edible,1,1,1,0,0,0,,1,1,13,,,,фото Топ-20 грибів (webp)/Дощовик їстівний Lycoperdon perlatum/large.webp
Boletus luridus,Дубовик звичайний,edible,1,1,1,0,0,0,,1,1,14,,,,фото Топ-20 грибів (webp)/Дубовик звичайний Suillellus luridus/large.webp
Flammulina velutipes,Зимовий опеньок,edible,1,1,1,0,0,0,,1,1,,,,,фото Топ-20 грибів (webp)/Зимовий опеньок Flammulina velutipes/large.webp
Hydnum repandum,Їжовик жовтуватий,edible,1,1,1,0,0,0,,1,1,19,,,,фото Топ-20 грибів (webp)/Їжовик жовтуватий Hydnum repandum/large.webp
Suillus bovinus,Козляк,edible,1,1,1,0,0,0,,1,1,20,,,,фото Топ-20 грибів (webp)/Козляк Suillus bovinus/large.webp
Cantharellus cibarius,Лисичка справжня,edible,1,1,1,0,0,0,,1,1,2,,,,фото Топ-20 грибів (webp)/Лисичка справжня Cantharellus cibarius/large.webp
Suillus luteus,Маслюк пізній,edible,1,1,1,0,0,0,,1,1,5,,,,фото Топ-20 грибів (webp)/Маслюк пізній Suillus luteus/large.webp
Xerocomus subtomentosus,Моховик зелений,edible,1,1,1,0,0,0,,1,1,15,,,,фото Топ-20 грибів (webp)/Моховик зелений Xerocomus subtomentosus/large.webp
Armillaria mellea,Опеньок осінній,edible,1,1,1,0,0,0,,1,1,6,,,,фото Топ-20 грибів (webp)/Опеньок осінній Armillaria mellea/large.webp
Agaricus campestris,Печериця звичайна,edible,1,1,1,0,0,0,,1,1,10,,,,фото Топ-20 грибів (webp)/Печериця звичайна Agaricus campestris/large.webp
Leccinum scabrum,Підберезник звичайний,edible,1,1,1,0,0,0,,1,1,3,,,,фото Топ-20 грибів (webp)/Підберезник звичайний Leccinum scabrum/large.webp
Leccinum aurantiacum,Підосичник,edible,1,1,1,0,0,0,,1,1,4,,,,фото Топ-20 грибів (webp)/Підосичник Leccinum aurantiacum/large.webp
Imleria badia,Польський гриб,edible,1,1,1,0,0,0,,1,1,,,,,фото Топ-20 грибів (webp)/Польський гриб Imleria badia/large.webp
Lactarius deliciosus,Рижик справжній,edible,1,1,1,0,0,0,,1,1,7,,,,фото Топ-20 грибів (webp)/Рижик справжній Lactarius deliciosus/large.webp
Russula vesca,Сироїжка,edible,1,1,1,0,0,0,,1,1,9,,,липень — жовтень.,фото Топ-20 грибів (webp)/Сироїжка Russula vesca/large.webp
Morchella esculenta,Сморчок звичайний,edible,1,1,1,0,0,0,,1,1,11,,,,фото Топ-20 грибів (webp)/Сморчок звичайний Morchella esculenta/large.webp
Albatrellus confluens,Альбатрел злитий,edible,1,0,1,0,0,0,,1,1,,,,,
Albatrellus ovinus,Альбатрел овечий,edible,1,0,1,0,0,0,,1,1,,,,,
Boletus reticulatus,Білий гриб сітчастий,edible,1,0,1,0,0,0,,1,1,,,,,
Boletus pinophilus,Білий гриб сосновий,edible,1,0,1,0,0,0,,1,1,,,,,
Pleurotus dryinus,Глива дубова,edible,1,0,1,0,0,0,,1,1,,,,,
Pleurotus pulmonarius,Глива легенева,edible,1,0,1,0,0,0,,1,1,,,,,
Macrolepiota procera,Гриб-зонтик великий,edible,1,0,1,0,0,0,,1,1,,,,,
Macrolepiota mastoidea,Гриб-зонтик сосковидний,edible,1,0,1,0,0,0,,1,1,,,,,
Tricholoma equestre,Зеленушка,conditionally_edible,1,0,1,0,0,0,,1,1,,,,,
Hydnum rufescens,Їжовик рудуватий,edible,1,0,1,0,0,0,,1,1,,,,,
Hydnum umbilicatum,Їжовик ямчастий,edible,1,0,1,0,0,0,,1,1,,,,,
Clavulina cristata,Клавуліна гребінчаста,edible,1,0,1,0,0,0,,1,1,,,,,
Clavulina coralloides,Клавуліна зморшкувата,edible,1,0,1,0,0,0,,1,1,,,,,
Cantharellus amethysteus,Лисичка аметистова,edible,1,0,1,0,0,0,,1,1,,,,,
Craterellus lutescens,Лисичка жовта,edible,1,0,1,0,0,0,,1,1,,,,,
Craterellus cinereus,Лисичка сіра,edible,1,0,1,0,0,0,,1,1,,,,,
Craterellus tubaeformis,Лисичка трубчаста,edible,1,0,1,0,0,0,,1,1,,,,,
Cantharellus friesii,Лисичка Фріза,edible,1,0,1,0,0,0,,1,1,,,,,
Suillus placidus,Маслюк білий,edible,1,0,1,0,0,0,,1,1,,,,,
Suillus variegatus,Маслюк жовто-бурий,edible,1,0,1,0,0,0,,1,1,,,,,
Suillus granulatus,Маслюк зернистий,edible,1,0,1,0,0,0,,1,1,,,,,
Suillus grevillei,Маслюк модриновий,edible,1,0,1,0,0,0,,1,1,,,,,
Xerocomellus chrysenteron,Моховик тріщинуватий,edible,1,0,1,0,0,0,,1,1,,,,,
Amanita excelsa,Мухомор високий,conditionally_edible,1,0,1,0,0,0,,1,1,,,,,
Amanita rubescens,Мухомор червоніючий,conditionally_edible,1,0,1,0,0,0,,1,1,,,,,
Amanita crocea,Мухомор шафрановий,edible,1,0,1,0,0,0,,1,1,,,,,
Kuehneromyces mutabilis,Опеньок літній,edible,1,0,1,0,0,0,,1,1,,,,,
Armillaria ostoyae,Опеньок темний,edible,1,0,1,0,0,0,,1,1,,,,,
Leccinellum pseudoscabrum,Підберезник грабовий,edible,1,0,1,0,0,0,,1,1,,,,,
Leccinum versipelle,Підберезник жовто-бурий,edible,1,0,1,0,0,0,,1,1,,,,,
Leccinum variicolor,Підберезник різнокольоровий,edible,1,0,1,0,0,0,,1,1,,,,,
Leccinum duriusculum,Підберезник тополевий,edible,1,0,1,0,0,0,,1,1,,,,,
Russula delica,Підгруздь,edible,1,0,1,0,0,0,,1,1,,,,серпень — жовтень.,
Leccinum albostipitatum,Підосичник білоніжковий,edible,1,0,1,0,0,0,,1,1,,,,,
Amanita fulva,Поплавок жовто-коричневий,edible,1,0,1,0,0,0,,1,1,,,,,
Amanita vaginata,Поплавок сірий,edible,1,0,0,0,0,0,,1,1,,,,,
Ramaria botrytis,Рамарія гроновидна,edible,1,0,0,0,0,0,,1,1,,,,,
Lactarius deterrimus,Рижик ялиновий,edible,1,0,0,0,0,0,,1,1,,,,,
Lactarius salmonicolor,Рижик ялицевий,edible,1,0,0,0,0,0,,1,1,,,,,
Tricholoma terreum,Рядовка землиста,edible,1,0,0,0,0,0,,1,1,,,,,
Lepista personata,Рядовка ліловонога,edible,1,0,0,0,0,0,,1,1,,,,,
Calocybe gambosa,Рядовка майська,edible,1,0,0,0,0,0,,1,1,,,,,
Tricholoma portentosum,Рядовка сіра,edible,1,0,0,0,0,0,,1,1,,,,,
Lepista nuda,Рядовка фіолетова,edible,1,0,0,0,0,0,,1,1,,,,,
Russula xerampelina,Сироїжка буро-червона,edible,1,0,0,0,0,0,,1,1,,,,липень — листопад.,
Russula virescens,Сироїжка зелена,edible,1,0,0,0,0,0,,1,1,,,,липень — жовтень.,
Russula cyanoxantha,Сироїжка синьо-жовта,edible,1,0,0,0,0,0,,1,1,,,,серпень — вересень.,
Russula foetens,Сироїжка смердюча,inedible,1,0,0,0,0,0,,1,1,,,,,
Lactarius vellereus,Скрипиця,conditionally_edible,1,0,0,0,0,0,,1,1,,,,,
Polyporus squamosus,Трутовик лускатий,edible,1,0,0,0,0,0,,1,1,,,,,
Laetiporus sulphureus,Трутовик сірчано-жовтий,edible,1,0,0,0,0,0,,1,1,,,,,
Lactarius quietus,Хрящ-молочник дубовий,edible,1,0,0,0,0,0,,1,1,,,,,
Lactifluus volemus,Хрящ-молочник їстівний,edible,1,0,0,0,0,0,,1,1,,,,,
Lactarius piperatus,Хрящ-молочник перцевий,conditionally_edible,1,0,0,0,0,0,,1,1,,,,,
Lactarius subdulcis,Хрящ-молочник солодкуватий,edible,1,0,0,0,0,0,,1,1,,,,,
Boletus aereus,Боровик бронзовий,edible,1,0,0,0,0,1,Рідкісний вид,0,1,,,,,
Rubroboletus lupinus,Боровик вовчий,inedible,1,0,0,0,0,1,Вразливий вид,0,1,,,,,
Butyriboletus appendiculatus,Боровик дівочий,edible,1,0,0,0,0,1,Рідкісний вид,0,1,,,,,
Butyriboletus regius,Боровик королівський,edible,1,0,0,0,0,1,Зникаючий вид,0,1,,,,,
Butyriboletus subappendiculatus,Боровик напівапендикулярний,edible,1,0,0,0,0,1,Рідкісний вид,0,1,,,,,
Butyriboletus fuscoroseus,Боровик рожево-бурий,edible,1,0,0,0,0,1,Рідкісний вид,0,1,,,,,
Rubroboletus rhodoxanthus,Боровик рожево-жовтий,poisonous,1,0,0,1,0,1,Вразливий вид,0,1,,,,,
Rubroboletus satanas,Боровик сатанинський,poisonous,1,0,0,1,0,1,Рідкісний вид,0,1,,,,,
Butyriboletus fechtneri,Боровик Фехтнера,edible,1,0,0,0,0,1,Зникаючий вид,0,1,,,,,
Rubroboletus rubrosanguineus,Боровик червоно-кривавий,poisonous,1,0,0,1,0,1,Вразливий вид,0,1,,,,,
Phallus duplicatus,Веселка подвоєна,inedible,1,0,0,0,0,1,Рідкісний вид,0,1,,,,,
Hemileccinum depilatum,Гемілецінум безволосий,edible,1,0,0,0,0,1,Рідкісний вид,0,1,,,,,
Hericium erinaceus,Герицій їжаковий,edible,1,0,0,0,0,1,Вразливий вид,0,1,,,,,
Hericium coralloides,Герицій кораловий,inedible,1,0,0,0,0,1,Вразливий вид,0,1,,,,,
Hygrocybe calyptriformis,Гігроцибе ковпакоподібна,inedible,1,0,0,0,0,1,Рідкісний вид,0,1,,,,,
Gomphus clavatus,Гомф булавоподібний,edible,1,0,0,0,0,1,Вразливий вид,0,1,,,,,
Grifola frondosa,Грифола листувата,edible,1,0,0,0,0,1,Рідкісний вид,0,1,,,,,
Morchella steppicola,Зморшок степовий,edible,1,0,0,0,0,1,Зникаючий вид,0,1,,,,,
Pseudocolus fusiformis,Кальмарник веретеноподібний,inedible,1,0,0,0,0,1,Рідкісний вид,0,1,,,,,
Catathelasma imperiale,Катателазма царська,edible,1,0,0,0,0,1,Рідкісний вид,0,1,,,,,
Anthurus archeri,Квітохвісник Арчера,inedible,1,0,0,0,0,1,Рідкісний вид,0,1,,,,,
Clavariadelphus pistillaris,Клаваріадельф товкачиковий,inedible,1,0,0,0,0,1,Рідкісний вид,0,1,,,,,
Lyophyllum favrei,Ліофіл Фавре,inedible,1,0,0,0,0,1,На межі зникнення,0,1,,,,,
Helvella monachella,Лопатевик чорний,inedible,1,0,0,0,0,1,Рідкісний вид,0,1,,,,,
Suillus plorans,Маслюк кедровий,edible,1,0,0,0,0,1,Рідкісний вид,0,1,,,,,
Myriostoma coliforme,Міріостома шийкова,inedible,1,0,0,0,0,1,Вразливий вид,0,1,,,,,
Boletus parasiticus,Моховик паразитний,inedible,1,0,0,0,0,1,Рідкісний вид,0,1,,,,,
Amanita caesarea,Мухомор цезарів,edible,1,0,0,0,0,1,Зникаючий вид,0,1,,,,,
Amanita strobiliformis,Мухомор щетинистий,conditionally_edible,1,0,0,0,0,1,Рідкісний вид,0,1,,,,,
Chalciporus rubinus,Решетняк карміново-червоний,inedible,1,0,0,0,0,1,Рідкісний вид,0,1,,,,,
Clathrus ruber,Решіточник червоний,inedible,1,0,0,0,0,1,Рідкісний вид,0,1,,,,,
Tricholoma colossus,Рядовка величезна,inedible,1,0,0,0,0,1,Рідкісний вид,0,1,,,,,
Tricholoma focale,Рядовка опеньковидна,inedible,1,0,0,0,0,1,Вразливий вид,0,1,,,,,
Sarcosoma globosum,Саркосома куляста,inedible,1,0,0,0,0,1,Вразливий вид,0,1,,,,,
Russula turci,Сироїжка синювата,edible,1,0,0,0,0,1,Рідкісний вид,0,1,,,,липень — вересень.,
Scleroderma geaster,Склеродерма зірчаста,inedible,1,0,0,0,0,1,Рідкісний вид,0,1,,,,,
Sparassis crispa,Спарасис кучерявий,edible,1,0,0,0,0,1,Вразливий вид,0,1,,,,,
Polyporus umbellatus,Трутовик зонтичний,edible,1,0,0,0,0,1,Рідкісний вид,0,1,,,,,
Tuber aestivum,Трюфель літній,edible,1,0,0,0,0,1,Зникаючий вид,0,1,,,,,
Phellorinia herculeana,Фелоринія геркулесова,inedible,1,0,0,0,0,1,На межі зникнення,0,1,,,,,
Phaeolepiota aurea,Феолепіота золотиста,inedible,1,0,0,0,0,1,Рідкісний вид,0,1,,,,,
Phylloporus pelletieri,Філопор рожево-золотистий,edible,1,0,0,0,0,1,Рідкісний вид,0,1,,,,,
Lactarius lignyotus,Хрящ-молочник чорний,edible,1,0,0,0,0,1,Рідкісний вид,0,1,,,,,
Strobilomyces strobilaceus,Шишкогриб лускатий,inedible,1,0,0,0,0,1,Рідкісний вид,0,1,,,,,
Amanita muscaria,Мухомор червоний,poisonous,1,0,0,1,0,0,,1,1,,,,,
Amanita pantherina,Мухомор пантерний,poisonous,1,0,0,1,0,0,,1,1,,,,,
Amanita phalloides,Бліда поганка,deadly_poisonous,1,0,0,1,1,0,,1,1,,,,,
Amanita verna,Мухомор весняний,deadly_poisonous,1,0,0,1,1,0,,1,1,,,,,
Amanita virosa,Мухомор смердючий,deadly_poisonous,1,0,0,1,1,0,,1,1,,,,,
Clitocybe candicans,Говорушка білувата,poisonous,1,0,0,1,0,0,,1,1,,,,,
Clitocybe dealbata,Говорушка воскова,poisonous,1,0,0,1,0,0,,1,1,,,,,
Entoloma sinuatum,Ентолома отруйна,poisonous,1,0,0,1,0,0,,1,1,,,,,
Galerina marginata,Галерина облямована,deadly_poisonous,1,0,0,1,1,0,,1,1,,,,,
Gyromitra esculenta,Строчок звичайний,deadly_poisonous,1,0,0,1,1,0,,1,1,,,,,
Hygrophoropsis aurantiaca,Лисичка несправжня,poisonous,1,0,0,1,0,0,,1,1,,,,,
Inocybe erubescens,Волоконниця червоніюча,poisonous,1,0,0,1,0,0,,1,1,,,,,
Inocybe geophylla,Іноцибе звичайний,poisonous,1,0,0,1,0,0,,1,1,,,,,
Paxillus involutus,Свинуха тонка,poisonous,1,0,0,1,0,0,,1,1,,,,,
Agaricus arvensis,Печериця польова,edible,0,0,0,0,0,0,,0,1,,Волинська|Вінницька|Дніпропетровська|Донецька|Житомирська|Запорізька|Київська|Кіровоградська|Луганська|Миколаївська|Одеська|Полтавська|Рівненська|Сумська|Тернопільська|Харківська|Херсонська|Хмельницька|Черкаська|Чернігівська,"• Шапка: 8–20 см, спочатку напівсферична, потім опуклю- або плоско-розпростерта; біла, згодом кремова; гладенька або дрібнолуската; край спочатку підігнутий, потім розпростертий. • Пластинки: вільні, густі; спочатку рожеві, згодом темно-коричневі. • Ніжка: 6–10 × 1–2 см, циліндрична, біла, з двокільцевим кільцем; біля основи часто потовщена. • М’якоть: біла, на зламі не змінюється або злегка жовтіє; запах анісу або мигдалю; смак приємний. • Споровий порошок: темно-коричневий.",травень — листопад.,
Agaricus silvaticus,Печериця лісова,edible,0,0,0,0,0,0,,0,1,,Івано-Франківська|Волинська|Вінницька|Житомирська|Закарпатська|Київська|Львівська|Полтавська|Рівненська|Сумська|Тернопільська|Харківська|Хмельницька|Черкаська|Чернівецька|Чернігівська,"• Шапка: 5–10 см, опукла, згодом плоско-розпростерта; сірувато-бура, з бурими лусками; край підігнутий. • Пластинки: вільні, густі; білі → рожеві → темно-коричневі. • Ніжка: 5–10 × 0,8–1,5 см, циліндрична, білувата, з кільцем. • М’якоть: біла, на зламі червоніє; запах приємний, грибний. • Споровий порошок: темно-коричневий.",червень — жовтень.,
Agaricus xanthodermus,Печериця жовтошкіра,poisonous,0,0,0,1,0,0,,0,1,,Вінницька|Дніпропетровська|Донецька|Закарпатська|Запорізька|Кіровоградська|Луганська|Миколаївська|Одеська|Полтавська|Тернопільська|Харківська|Херсонська|Хмельницька|Черкаська,"• Шапка: 5–15 см, опукла, згодом плоско-розпростерта; біла, при дотику жовтіє; край підігнутий. • Пластинки: вільні, густі; рожеві → коричневі. • Ніжка: 6–12 × 1–2 см, біла, з кільцем; біля основи жовтіє. • М’якоть: біла, на зламі жовтіє; запах карболки або чорнила. • Споровий порошок: темно-коричневий.",червень — жовтень.,
Amanita citrina,Мухомор цитриновий,poisonous,0,0,0,1,0,0,,0,1,,Івано-Франківська|Волинська|Вінницька|Житомирська|Закарпатська|Київська|Львівська|Полтавська|Рівненська|Сумська|Тернопільська|Харківська|Хмельницька|Черкаська|Чернівецька|Чернігівська,"• Шапка: 4–10 см, напівсферична, згодом опуклю-розпростерта; лимонно-жовта, зеленувата, з білими пластівцями; край гладенький. • Пластинки: вільні, білі. • Ніжка: 6–10 × 1–1,5 см, біла, з кільцем і бульбою; біля основи піхва. • М’якоть: біла, із запахом редьки. • Споровий порошок: білий.",липень — жовтень.,
Amanita porphyria,Мухомор пурпуровий,poisonous,0,0,0,1,0,0,,0,1,,Івано-Франківська|Волинська|Житомирська|Закарпатська|Київська|Львівська|Рівненська|Сумська|Чернівецька|Чернігівська,"• Шапка: 5–8 см, напівсферична, згодом опуклю-розпростерта; сірувато-бура з пурпуровим відтінком, з білими пластівцями. • Пластинки: вільні, білі. • Ніжка: 6–10 × 0,8–1,2 см, біла, з кільцем; біля основи вільна біла піхва. • М’якоть: біла, без виразного запаху або з легким редьковим. • Споровий порошок: білий.",липень — вересень.,
Amanita vittadinii,Мухомор Віттадіні,poisonous,0,0,0,1,0,0,,0,1,,Вінницька|Дніпропетровська|Донецька|Запорізька|Кіровоградська|Луганська|Миколаївська|Одеська|Полтавська|Тернопільська|Харківська|Херсонська|Хмельницька|Черкаська,"• Шапка: 3–10 (20) см, напівсферична, згодом плоско-розпростерта; біла, кремова, з гострими конусовидними бородавками. • Пластинки: вільні, білі. • Ніжка: 5–8 (20) × 1–3 (4) см, біла, з подвійним кільцем; біля основи приросла піхва. • М’якоть: щільна, біла, з неприємним запахом. • Споровий порошок: білий.",червень — жовтень.,
Amanita echinocephala,Мухомор колючоголовий,inedible,0,0,0,0,0,0,,0,1,,Вінницька|Кіровоградська|Тернопільська|Хмельницька|Черкаська,"• Шапка: 6,5–14 см, опуклю-розпростерта; біла, в центрі вохряна, з пірамідальними гострими бородавками; край гладенький. • Пластинки: вільні, кремово-зеленуваті. • Ніжка: 10–15 × 1,3–4 см, біла, з кільцем і прирослою піхвою; внизу з лускатими зонами. • М’якоть: білувата або кремова, щільна, з приємним запахом. • Споровий порошок: білий.",червень — серпень.,
Boletus calopus,Боровик неїстівний,inedible,0,0,0,0,0,0,,0,1,,Івано-Франківська|Волинська|Вінницька|Житомирська|Закарпатська|Київська|Львівська|Полтавська|Рівненська|Сумська|Тернопільська|Харківська|Хмельницька|Черкаська|Чернівецька|Чернігівська,"• Шапка: 5–15 см, напівсферична, згодом подушковидно-розпростерта; сірувато-коричнева, жовтувато- або оливково-коричнева; суха, тонкоповстиста. • Трубочки/пори: пори зеленувато-жовті, при натиску синіють. • Ніжка: 5–10 (12) × 1,5–4 см, вгорі жовта, донизу червона, зі світлою сіткою. • М’якоть: білувата, згодом жовтувата, на зламі синіє; смак дуже гіркий. • Споровий порошок: вохряно-оливковий.",липень — вересень.,
Boletus impolitus,Боровик жовтий,edible,0,0,0,0,0,0,,0,1,,Волинська|Вінницька|Дніпропетровська|Донецька|Житомирська|Запорізька|Київська|Кіровоградська|Луганська|Миколаївська|Одеська|Полтавська|Рівненська|Сумська|Тернопільська|Харківська|Хмельницька|Черкаська|Чернігівська,"• Шапка: 5–15 (20) см, дуже м’ясиста; оливково-буро-коричнева; гладенька, з товстим краєм. • Трубочки/пори: пори жовтуваті, згодом зеленувато-жовті, при натиску зеленіють. • Ніжка: 5–15 (18) × 2–5 (8) см, без сітки, штрихувата, борошниста, дрібнолуската. • М’якоть: у шапці та ніжці жовтуватий, на зламі не змінюється; запах карболки; смак добрий. • Споровий порошок: оливковий.",липень — жовтень.,
Boletus queletii,Боровик Келета,conditionally_edible,0,0,0,0,0,0,,0,1,,Дніпропетровська|Донецька|Запорізька|Кіровоградська|Луганська|Полтавська|Сумська|Харківська|Чернігівська,"• Шапка: 5–15 (20) см, напівсферична, згодом подушковидно-розпростерта; оранжево- або коричнювато-червона; суха, тонкоповстиста. • Трубочки/пори: пори жовті → червоні; при дотику синіють. • Ніжка: 5–12 (15) × 2–4 (6) см, жовта, біля основи червона, зерниста. • М’якоть: жовта, на зламі синіє, далі зеленіє та жовтіє; смак добрий. • Споровий порошок: коричнево-оливковий.",червень — жовтень.,
Boletus erythropus,Боровик зернистоногий,conditionally_edible,0,0,0,0,0,0,,0,1,,Івано-Франківська|Волинська|Вінницька|Житомирська|Закарпатська|Київська|Львівська|Полтавська|Рівненська|Сумська|Тернопільська|Харківська|Хмельницька|Черкаська|Чернівецька|Чернігівська,"• Шапка: 5–15 (20) см, напівсферична, згодом опукло- або плоско-розпростерта; бурувато- або темно-коричнева, іноді з вохряним або оранжевим відтінком; тонковолокнисто-повстиста, згодом майже гола; при натискуванні синіє. • Трубочки/пори: пори спочатку жовті, згодом оранжево-червоні, далі оливково-пурпурові; при дотику синіють. • Ніжка: 7–15 × 2–4 (6) см, щільна, жовто-червона, повстисто-зерниста; при дотику синіє. • М’якоть: дуже щільна, жовта, на зламі швидко синіє; запах приємний; смак добрий. • Споровий порошок: оливковий.",травень — жовтень.,
Boletus purpureus,Боровик пурпуровий,poisonous,0,0,0,1,0,0,,0,1,,Вінницька|Кіровоградська|Полтавська|Сумська|Тернопільська|Харківська|Хмельницька|Черкаська|Чернігівська,"• Шапка: 5–15 (20) см, товстом’ясиста, напівкуляста, подушковидна; сірувата, попеляста, оливкувато- або жовтувато-сіра, іноді вся або лише до краю рожевувата; при дотику синіє, згодом червоніє. • Трубочки/пори: пори жовті, згодом червоні, пурпурово-червоні. • Ніжка: 5–14 × 2–6 см, дуже щільна, жовто-червона, донизу червона, повстисто-зерниста, з червоною сіткою. • М’якоть: золотисто-жовтий, на зламі швидко дуже синіє; запах фруктово-спиртовий; смак добрий. • Споровий порошок: оливковий.",липень — вересень.,
Gyroporus castaneus,Гіропор каштановий,edible,0,0,0,0,0,0,,0,1,,Івано-Франківська|Волинська|Вінницька|Дніпропетровська|Житомирська|Закарпатська|Запорізька|Київська|Кіровоградська|Львівська|Полтавська|Рівненська|Тернопільська|Харківська|Хмельницька|Черкаська|Чернівецька,"• Шапка: 3–8 (10–12) см, опукло- або плоско-розпростерта; каштаново- або іржаво-коричнева; суха, тонкоповстиста. • Трубочки/пори: пори білі, згодом жовтуваті, округлі, малі. • Ніжка: 4–7 × 1–3 см, кольору шапки, донизу злегка потовщується, з ум’ятинами, тонкоповстиста, з порожниною та перегородками всередині. • М’якоть: білий, не синіє на зламі. • Споровий порошок: жовтуватий.",липень — вересень.,
Gyroporus cyanescens,Гіропор синіючий,edible,0,0,0,0,0,0,,0,1,,Івано-Франківська|Волинська|Вінницька|Житомирська|Закарпатська|Київська|Кіровоградська|Львівська|Полтавська|Рівненська|Тернопільська|Харківська|Хмельницька|Черкаська|Чернівецька,"• Шапка: 5–10 (15) см, суха, опукло-розпростерта; спочатку білувата, потім світло-жовта, вохряна, жовта, у старих коричнювата; тонковолокнисто- або волосисто-лускато-повстиста. • Трубочки/пори: пори білі, згодом жовтуваті, при дотику синіють, округлі, потім овальні. • Ніжка: 4–8 (12) × 2–4 см, донизу розширена, у верхній частині біла, нижче кольору шапки, спочатку щільна, з віком з порожниною та перегородками. • М’якоть: щільний, білий, на зламі швидко синіє. • Споровий порошок: жовтуватий.",липень — жовтень.,
Gyrodon lividus,Гіродон сизуватий,edible,0,0,0,0,0,0,,0,1,,Івано-Франківська|Львівська|Тернопільська,"• Шапка: 5–10 см, опукло- або плоско-розпростерта, іноді ввігнута; сірувато-лимонна або сірувато-золотисто-жовта, рудувато-коричнювата; тонкоповстисто-волокниста, суха, при змочуванні клейкувата. • Трубочки/пори: трубочки дуже короткі (1–5 мм), жовті, з віком оливково-коричневі; пори неправильнокутасті, видовжені, лимонно- або золотисто-жовті, згодом зеленувато- або жовто-оливкові, з нерівними зубчастими краями; при дотику синіють, потім буріють. • Ніжка: 3–12 × 0,5–2,5 см, кольору шапки або світліша, борошниста, з віком гола; при натискуванні набуває рожево-коричнюватого кольору. • М’якоть: щільний, не швидко загниває, жовтуватий, у ніжці темніший, на зламі швидко синіє; смак приємний; без особливого запаху. • Споровий порошок: жовтувато-буро-оливковий.",серпень — жовтень.,
Boletinus cavipes,Болетин порожньоногий,edible,0,0,0,0,0,0,,0,1,,Вінницька|Кіровоградська|Полтавська|Тернопільська|Харківська|Хмельницька|Черкаська,"• Шапка: 5–10 см, конусовидна, згодом конусовидно-розпростерта; золотисто-жовта, коричнювата, інколи з червонуватим відтінком; суха, повстисто-волокнисто-луската. • Трубочки/пори: трубочки короткі, до 1 см; пори нерівномірно видовжені, неправильнокутасті, розміщені майже радіальними рядами, жовтувато-зеленуваті або оливкуваті; гіменофор спускається на ніжку, не відділяється легко від тканини шапки. • Ніжка: 3–9 × 1–3 см, циліндрична, часто зігнута, волокнисто-луската, з кільцем, з порожниною. • М’якоть: жовтуватий, у ніжці біля основи буруватий; без особливого запаху. • Споровий порошок: жовтувато-оливкуватий.",серпень — жовтень.,
Tylopilus felleus,Тилопіл жовчний,inedible,0,0,0,0,0,0,,0,1,,Івано-Франківська|Волинська|Вінницька|Житомирська|Закарпатська|Київська|Львівська|Полтавська|Рівненська|Сумська|Тернопільська|Харківська|Хмельницька|Черкаська|Чернівецька|Чернігівська,"• Шапка: 5–12 см, напівкуляста, згодом опукло- або подушковидно-розпростерта; бурувато- або оливкувато-коричнювата, іноді з легким червонуватим відтінком; тонковолокнисто-повстиста, з віком гола, суха, у вологу погоду клейкувата. • Трубочки/пори: пори спочатку білі, згодом рожевуваті, брудно- або бурувато-рожеві, іноді з лілуватим відтінком, у старих рожево-коричневі. • Ніжка: 5–10 (16) × 2–4 (5) см, жовтувато-коричнювата, з виразною темно-бурою або чорною сіткою. • М’якоть: дуже гіркий, білий, на зламі рожевіє; запах приємний. • Споровий порошок: рожевий, червонуватий, іноді з лілуватим відтінком.",червень — жовтень.,
Porphyrellus porphyrosporus,Порфірел пурпуровоспоровий,inedible,0,0,0,0,0,0,,0,1,,Волинська|Житомирська|Київська|Рівненська,"• Шапка: 5–10 (12) см, опукло-розпростерта; бурувато- або оливкувато-коричнева; волокнисто-бархатиста або тонкоповстиста. • Трубочки/пори: трубочки часом біля ніжки пластиковидно розділяються; пори округло-кутасті (0,5–1 мм), брудно-кремові, сіруваті, потім жовтувато-сірувато-коричневі, часом брудно-коричневі з оливковим відтінком. • Ніжка: 4–16 × 1–4 см, брудно-коричнева, борошнисто-бархатиста. • М’якоть: білий, білуватий, на зламі червоніє, згодом буріє (у старих екземплярів сіріє); запах неприємний. • Споровий порошок: темно-пурпурово-коричневий або коричнево-темно-червоний.",липень — жовтень.,
Gomphidius glutinosus,Мокруха клейка,edible,0,0,0,0,0,0,,0,1,,Івано-Франківська|Волинська|Вінницька|Житомирська|Закарпатська|Київська|Львівська|Полтавська|Рівненська|Тернопільська|Харківська|Хмельницька|Черкаська|Чернівецька,"• Шапка: 5–10 (14) см, опукло-розпростерта, з опущеним краєм; пурпурово- або фіолетово-сіра, сірувато-коричнева, рудувато-лілувато-коричнева, іноді дуже слизька; шкірка легко знімається. • Пластинки: спускаються на ніжку, товсті, спочатку білі, згодом темніють до чорних з білуватим краєм. • Ніжка: 5–10 × 1–2,5 см, до основи потоншується, біла, згодом коричнева, біля основи зовні та в середині жовта, з кільцевидними залишками покривала. • М’якоть: у шапці білуватий або рожевуватий, у ніжці біля основи жовтий; без особливого запаху. • Споровий порошок: чорний.",серпень — жовтень.,
Gomphidius roseus,Мокруха рожева,edible,0,0,0,0,0,0,,0,1,,Вінницька|Кіровоградська|Полтавська|Тернопільська|Харківська|Хмельницька|Черкаська,"• Шапка: 3–6 см, напівсферична, згодом опукло- або плоско-розпростерта, з підігнутим краєм; рожева або червона різних відтінків; слизька. • Пластинки: білі, з часом сіруваті й чорні. • Ніжка: 4–6 × 1–1,5 см, біла, донизу звужена, з товстим кільцевидним утворенням; біля основи м’ясо-червоно-коричнювата або чорнувата. • М’якоть: білий, на зламі рожевіє; із запахом. • Споровий порошок: чорний.",серпень — вересень.,
Gomphidius rutilus,Мокруха слизька,edible,0,0,0,0,0,0,,0,1,,Івано-Франківська|АР Крим|Волинська|Вінницька|Дніпропетровська|Житомирська|Закарпатська|Запорізька|Київська|Кіровоградська|Львівська|Полтавська|Рівненська|Тернопільська|Харківська|Хмельницька|Черкаська|Чернівецька,"• Шапка: 5–10 (15) см, опукло-, згодом плоско- або увігнуто-розпростерта, з горбочком у центрі, з опущеним краєм; пурпурово-коричнева, лілувато-пурпурова; слизька. • Пластинки: спускаються на ніжку, товсті, спочатку жовті, з віком коричневіють до темно-оливкувато-коричневих. • Ніжка: 3–10 × 0,1–1 см, щільна, донизу звужена, жовто- або червоно-коричнева, вгорі здебільшого сірозерниста. • М’якоть: у шапці жовтуватий, оранжево-жовтий, з червоним відтінком, у ніжці біля основи оранжево-жовтий; без особливого запаху. • Споровий порошок: оливково-чорний.",серпень — вересень.,
Gomphidius maculatus,Мокруха плямиста,edible,0,0,0,0,0,0,,0,1,,Івано-Франківська|Львівська|Тернопільська,"• Шапка: 2,5–5 см, напівсферична, згодом опукло-розпростерта з підігнутим краєм; слизька; біла, потім м’ясо-червоно-коричнева, місцями темніша до чорно-коричневої. • Пластинки: білі, згодом сірувато-бурі, при дотику червоніють, потім чорніють. • Ніжка: 10–15 × 1–1,5 см, донизу потоншується, щільна, біла, з часом рожевіє, далі червоніє, вгорі сірувато-зерниста, біля основи жовта, при дотику чорніє, без залишків покривала. • М’якоть: білий, на зламі рожевіє, згодом темніє, у ніжці біля основи коричневіє; без запаху. • Споровий порошок: чорний.",серпень — вересень.,
Paxillus atrotomentosus,Паксил чорноповстистий,conditionally_edible,0,0,0,0,0,0,,0,1,,Волинська|Дніпропетровська|Житомирська|Запорізька|Київська|Кіровоградська|Полтавська|Рівненська|Сумська|Харківська|Чернігівська,"• Шапка: до 15 см, дуже щільна, м’ясиста, опукло- або увігнуто-розпростерта, іноді майже лійковидна, часто ексцентрична; рудувато-коричнева, іноді з червонуватим відтінком; суха, з дуже закрученим товстим гладеньким краєм. • Пластинки: вохряно-жовті, низько спускаються на ніжку, з численними анастомозами. • Ніжка: 3–5 × 1,5–3,5 см, чорно-коричнева, повстиста, ексцентрична, щільна. • М’якоть: білуватий, гіркий, без особливого запаху. • Споровий порошок: вохряно-жовтий.",червень — жовтень.,
Paxillus panuoides,Паксил вохряно-рудий,conditionally_edible,0,0,0,0,0,0,,0,1,,Волинська|Дніпропетровська|Донецька|Житомирська|Запорізька|Київська|Кіровоградська|Луганська|Полтавська|Рівненська|Сумська|Харківська|Чернігівська,"• Шапка: 4–8 (10) см, тонком’ясиста; жовтувата, вохряно-руда, коричнювата; тонкоповстиста, згодом гола; з тонким повстистим закрученим краєм. • Пластинки: оливково-жовті, оранжево-жовті, часто з перетинками. • Ніжка: дуже коротка, центральна, ексцентрична, бічна, іноді відсутня (шапка прикріплена боком до субстрату). • М’якоть: білий, без особливого запаху. • Споровий порошок: бурувато-жовтий.",липень — вересень.,
Ripartites tricholoma,Рипартитес рядовковидний,edible,0,0,0,0,0,0,,0,1,,Дніпропетровська|Донецька|Запорізька|Кіровоградська|Луганська|Полтавська|Харківська,"• Шапка: 1–5 см, тонком’ясиста, плоско- або увігнуто-розпростерта; брудно- або сірувато-біла, згодом сірувато-, іноді іржаво-коричнева; гола, клейкувата, після висихання блискуча, іноді притиснуто-волокнисто-луската; з закрученим, потім рівним, тонким, торочкувато-волосистим краєм. • Пластинки: тонкі, вузькі, низько спускаються на ніжку, коричнюваті, легко відділяються від м’якуша шапки. • Ніжка: 2–4 × 0,3–0,5 см, білувата, вгорі борошнисто-луската, з порожниною. • М’якоть: білуватий, без особливого запаху. • Споровий порошок: бурувато-вохряний, світло-коричневий.",серпень — вересень.,
Ripartites helomorpha,Рипартит геломорфний,edible,0,0,0,0,0,0,,0,1,,Вінницька|Кіровоградська|Тернопільська|Хмельницька|Черкаська,"• Шапка: 2,5–6 см, тонком’ясиста, напівкуляста, згодом опукло-розпростерта з горбочком у центрі, іноді злегка увігнута; бурувато-жовтувата, в центрі темніша; з ребристим краєм. • Пластинки: низько спускаються на ніжку, кольору шапки. • Ніжка: 2–3 × 0,3–0,5 см, циліндрична, іноді зігнута, білувата, внизу коричнювата, щільна. • М’якоть: білуватий, без особливого запаху. • Споровий порошок: іржаво-коричнюватий.",серпень — вересень.,
Lactarius sanguifluus,Рижик червоний,edible,0,0,0,0,0,0,,0,1,,Івано-Франківська|Волинська|Житомирська|Закарпатська|Київська|Львівська|Рівненська|Чернівецька,"• Шапка: 3–10 (15) см, опукло-, згодом увігнуто-розпростерта, часто з загнутим краєм; оранжево-руда, червонувато-руда, без концентричних зон; суха, блискуча. • Пластинки: спускаються на ніжку, густі, вузькі, оранжево-руді, при пошкодженні зеленіють. • Ніжка: 3–6,5 × 0,8–2,5 см, циліндрична, іноді до основи злегка звужена, щільна, з віком з вузькою порожниною, вгорі білувата, нижче кольору шапки, із зеленими плямами. • М’якоть: оранжево-рудий, на зламі зеленіє, з приємним фруктовим запахом; смак приємний. • Споровий порошок: жовтуватий. • Молочний сік: криваво-червоний, на повітрі не змінюється, спочатку солодкий, згодом гіркий.",серпень — жовтень.,
Lactarius semisanguifluus,Хрящ-молочник зеленувато-червоний,edible,0,0,0,0,0,0,,0,1,,Івано-Франківська|Волинська|Вінницька|Житомирська|Закарпатська|Київська|Львівська|Рівненська|Тернопільська|Хмельницька|Черкаська|Чернівецька,"• Шапка: 3–8 (10) см, товстом’ясиста, щільна, увігнуто-розпростерта, лійковидна; брудно-оранжева, червонувато-оранжева, зеленувато-руда; гладенька, з легко знімною шкіркою; з закрученим краєм. • Пластинки: спускаються на ніжку, густі, вузькі, оранжеві, при пошкодженні зеленіють. • Ніжка: 3–8 × 1–2 см, циліндрична, щільна, з віком з порожниною, оранжева, при дотику зеленіє. • М’якоть: жовтуватий, під шкіркою шапки зеленуватий, солодкий, з приємним фруктовим запахом. • Споровий порошок: жовтуватий. • Молочний сік: оранжевий, на повітрі стає пурпуровим, згодом пурпурово-фіолетовим, потім коричнево-фіолетовим; спочатку солодкий, згодом гіркий.",липень — жовтень.,
Lactarius fuliginosus,Хрящ-молочник сірий,conditionally_edible,0,0,0,0,0,0,,0,1,,АР Крим|Волинська|Вінницька|Житомирська|Київська|Львівська|Полтавська|Рівненська|Тернопільська|Харківська|Хмельницька|Черкаська,"• Шапка: 3–8 (10) см, часто ексцентрична, тупоконусовидна, згодом опукло-, плоско- або увігнуто-розпростерта, з тонким плоским краєм; сірувато-кремова, сірувата, сірувато-рудувато-коричнювата; гола, суха, матова. • Пластинки: спочатку кольору шапки, з віком сірувато-вохряні, вохряно-жовті, запорошені спорами, при натискуванні червоніють. • Ніжка: 3–7 × 0,5–1,5 см, циліндрична або донизу потовщена, біла, з віком кольору шапки, щільна, при дотику червоніє. • М’якоть: білий, на зламі через кілька хвилин червоніє, злегка гіркуватий, з неприємним запахом. • Споровий порошок: світло-вохряний. • Молочний сік: білий, на повітрі червоніє, при відділенні від м’якуша не змінюється, солодкий або гіркуватий.",липень — жовтень.,
Lactarius acris,Хрящ-молочник червоніючий,inedible,0,0,0,0,0,0,,0,1,,Івано-Франківська|Волинська|Житомирська|Закарпатська|Київська|Львівська|Рівненська|Чернівецька,"• Шапка: 3–7 (9) см, м’ясиста, розпростерта, з горбом або лійковидна, часом асиметрична; сірувато-руда, сірувато-каштанова, сіро-коричнева, з оливковим відтінком, з віком часто вицвітає до жовтуватої; з невиразними концентричними зонами. • Пластинки: спускаються на ніжку, густі, вузькі, кремові, при пошкодженні червоніють. • Ніжка: 4–7 × 0,8–1,5 см, циліндрична, щільна, біла або кольору шапки, при дотику червоніє. • М’якоть: білий, на зламі червоніє, злегка гіркуватий, з неприємним запахом. • Споровий порошок: світло-вохряний. • Молочний сік: білий, на повітрі червоніє, при відділенні від м’якуша не змінюється, пекуче-їдкий.",липень — жовтень.,
Lactarius chrysorrheus,Хрящ-молочник золотисто-жовтий,inedible,0,0,0,0,0,0,,0,1,,Волинська|Вінницька|Житомирська|Київська|Полтавська|Рівненська|Сумська|Тернопільська|Харківська|Хмельницька|Черкаська|Чернігівська,"• Шапка: 4–9 см, опукло-розпростерта, згодом увігнуто-розпростерта, часто з невиразними концентричними зонами; вохряно-червонувато-оранжева, м’ясо-червона, з темнішими зонами; гола, гладенька, суха. • Пластинки: спускаються на ніжку, густі, вузькі, білуваті, згодом кремові, при пошкодженні жовтіють. • Ніжка: 3–6 × 0,8–1,5 см, циліндрична, щільна, з віком з порожниною, вгорі білувата, нижче кольору шапки. • М’якоть: білий, на зламі жовтіє, без особливого запаху; смак пекуче-їдкий. • Споровий порошок: світло-вохряний. • Молочний сік: білий, на повітрі швидко стає сірчано-жовтим, пекуче-їдкий.",липень — жовтень.,
Lactarius theiogalus,Хрящ-молочник болотний,inedible,0,0,0,0,0,0,,0,1,,Волинська|Вінницька|Житомирська|Київська|Полтавська|Рівненська|Сумська|Тернопільська|Харківська|Хмельницька|Черкаська|Чернігівська,"• Шапка: 2,5–5 (7) см, опукло-розпростерта, згодом увігнуто-розпростерта, з підігнутим краєм; м’ясо-цегляна, рудувато-оранжево-червонувата, рудувато-червонувато-коричнювата; гола, суха. • Пластинки: спускаються на ніжку, густі, вузькі, кремові, згодом вохряні, при пошкодженні жовтіють. • Ніжка: 3–6 × 0,4–1 см, циліндрична, щільна, з віком з порожниною, кольору шапки або світліша. • М’якоть: білуватий, на зламі жовтіє, неприємний на смак, без особливого запаху. • Споровий порошок: світло-вохряний. • Молочний сік: білий або водянисто-білий, на повітрі стає сірчано-жовтим; спочатку солодкуватий, згодом гіркий, далі пекуче-їдкий.",липень — жовтень.,
Lactarius hepaticus,Хрящ-молочник оранжево-пластинчастий,inedible,0,0,0,0,0,0,,0,1,,Волинська|Житомирська|Київська|Рівненська|Сумська|Чернігівська,"• Шапка: 2–5,5 (7) см, увігнуто-розпростерта, часто з маленьким конусовидним виступом у центрі; червоно-коричнева, каштаново-коричнева, до краю світліша, з віком вицвітає до червонувато-жовто-коричневої; гола, суха. • Пластинки: спускаються на ніжку, густі, вузькі, червонувато-рудуваті, майже оранжеві, з віком рудувато-коричнюваті, часто припорошені споровою масою. • Ніжка: 3–5 (6) × 0,4–0,8 см, циліндрична, щільна, з віком з каналом, кольору шапки, біля основи волосиста. • М’якоть: світло-вохряний, у ніжці червонуватий, біля основи лілувато-червонуватий, на зламі стає сірчано-жовтим; пекуче-їдкий; з незначним приємним запахом. • Споровий порошок: світло-жовта. • Молочний сік: білий або водянисто-безбарвний, на повітрі стає темно-жовтим, пекуче-їдкий.",вересень — жовтень. Рідкісний вид.,
Lactarius scrobiculatus,Хрящ-молочник жовтий,conditionally_edible,0,0,0,0,0,0,,0,1,,Івано-Франківська|Волинська|Житомирська|Закарпатська|Київська|Львівська|Рівненська|Тернопільська|Хмельницька|Чернівецька,"• Шапка: 5–15 (20) см, товсто-щільно-м’ясиста, увігнуто-розпростерта, часом лійковидна; жовта, жовто-вохряна, при натискуванні коричневіє; слизька; з підігнутим шерстистим, згодом темно-волокнисто-плівчасто-лускатим краєм. • Пластинки: спускаються на ніжку, вузькі, густі, білуваті, жовтуваті з червонуватим відтінком. • Ніжка: 3–6 (8) × 1,5–3,5 см, коротша за діаметр шапки, кольору шапки або світліша, з ум’ятинами, щільна, згодом з порожниною. • М’якоть: білий, з віком жовтуватий, на зламі стає сірчано-жовтим; пекуче-їдкий; з приємним запахом. • Споровий порошок: світло-вохряний. • Молочний сік: білий, пекуче-їдкий, на повітрі стає сірчано-жовтим.",липень — вересень.,
Lactarius trivialis,Хрящ-молочник сизий,conditionally_edible,0,0,0,0,0,0,,0,1,,АР Крим|Волинська|Вінницька|Житомирська|Київська|Полтавська|Рівненська|Сумська|Тернопільська|Харківська|Хмельницька|Черкаська|Чернігівська,"• Шапка: (3) 5–15 (20) см, дуже щільном’ясиста, опукло- або увігнуто-розпростерта; спочатку лілувато-сиза, синювато-сіра, з віком сірувато-червонувато-рудувата або лілово-коричнювата; гола, слизька, при натискуванні коричневіє. • Пластинки: спускаються на ніжку, широкі, білуваті, згодом світло-вохряні. • Ніжка: 4–12 × 1–3,5 см, з порожниною, світло-вохряна або оранжева з м’ясо-червоним відтінком, слизька. • М’якоть: білуватий, під шкіркою лілувато-сірий або коричнюватий, у ніжці біля основи рудуватий, з легким запахом оселедця, на зламі злегка жовтіє. • Споровий порошок: жовтуватий. • Молочний сік: білий, на повітрі стає сірчано-жовтим, сухий сірувато-зелений, дуже пекуче-їдкий.",липень — жовтень.,
Lactarius musteus,Хрящ-молочник моховий,inedible,0,0,0,0,0,0,,0,1,,Волинська|Житомирська|Київська|Рівненська,"• Шапка: 4–8 (10) см, вохряно-сірувата, вохряно-сіра, з віком нерівномірно червонувато-сіра; часто асиметрична, опукло- або увігнуто-розпростерта, іноді лійковидна; з підігнутим, згодом опущеним, з віком короткорубчастим краєм; спочатку по краю тонковолосиста, потім гола, клейка, при підсиханні блискуча. • Пластинки: спускаються на ніжку, вузькі, густі, білуваті, згодом червонувато-жовтуваті, при натискуванні стають іржаво-коричневими. • Ніжка: 3–7 × 1,3–5 см, циліндрична, часто зігнута, щільна, з віком з порожниною, кольору шапки, зморшкувата. • М’якоть: білий, при натискуванні стає іржаво-коричнюватим, солодкий, з приємним фруктовим запахом. • Споровий порошок: жовтуватий. • Молочний сік: білий, на повітрі стає сірчано-жовтим, солодкий (після з’явлення швидко зникає).",серпень — жовтень. Рідкісний вид.,
Lactarius rubrocinctus,Хрящ-молочник рубчастий,inedible,0,0,0,0,0,0,,0,1,,Івано-Франківська|Волинська|Житомирська|Закарпатська|Київська|Львівська|Рівненська|Чернівецька,"• Шапка: 4–10 см, увігнуто-розпростерта або лійковидна, з опущеним, груборубчастим краєм; червонувато-вохряна, червонувато-сіро-вохряна, червонувато-коричнева; гола або зерниста, шорстка, іноді дрібногорбкувата, при натискуванні стає пурпурово-коричневою. • Пластинки: спускаються на ніжку, густі, вузькі, кремові, з віком червонувато-вохряні. • Ніжка: 3–7 × 0,4–2 см, циліндрична, біля основи звужена, щільна, з віком з порожниною, кольору шапки, внизу темно-червона, волосиста. • М’якоть: світло-вохряний або червонувато-жовтуватий, у ніжці біля основи іржаво-коричневий або червонувато-темно-коричневий, з неприємним запахом; гіркий або пекуче-їдкий. • Споровий порошок: червонувата, світло-вохряна. • Молочний сік: білий, водянисто-білий, на повітрі коричневіє; спочатку солодкий, потім гіркий і пекуче-їдкий.",липень — жовтень.,
Lactarius glaucescens,Хрящ-молочник зеленіючий,edible,0,0,0,0,0,0,,0,1,,Волинська|Житомирська|Київська|Рівненська,"• Шапка: 5–10 (15) см, щільном’ясиста, здебільшого асиметрична, увігнуто-розпростерта або лійковидна, з опущеним краєм; біла, кремова або нерівномірно біло-рудувата, з віком стає брудно-вохряно-рудувато-плямиста; суха, гола. • Пластинки: спускаються на ніжку, густі, вузькі, білі, з часом рожевувато-жовтуваті, на зламі сіро-зелено-плямисті. • Ніжка: 3–7 × 1–4 см, тонкозморшкувата, вгорі пухнаста, щільна, кольору шапки. • М’якоть: білий, щільний, із слабким приємним запахом; їдкий. • Споровий порошок: біла. • Молочний сік: білий, пекуче-їдкий, на повітрі, особливо при підсиханні, стає зеленувато-синюватим або сіро-зеленим.",серпень — жовтень.,
Lactarius blennius,Хрящ-молочник сіро-зелений,edible,0,0,0,0,0,0,,0,1,,Івано-Франківська|Закарпатська|Львівська|Чернівецька,"• Шапка: 4–8 (10) см, зеленувато-сіра, темно-оливково- або зеленувато-сіро-коричнювата, в центрі іноді червонувато- або лілувато-сіро-коричнева; часто з вузькими темнішими концентричними смугами; гола, слизька; увігнуто-розпростерта, з підігнутим, потім опущеним, часом хвилястим краєм. • Пластинки: спускаються на ніжку, густі, вузькі, білі, згодом жовтуваті, з віком червонувато-жовтуваті або рудуваті, часто з сірувато-зеленуватими краплями підсохлого молочного соку. • Ніжка: 3–6 × 0,8–1,5 (2) см, циліндрична або донизу злегка звужена, нещільна, з порожниною, кольору шапки або світліша, клейка, при натискуванні сіріє або коричневіє. • М’якоть: білуватий, з віком сіруватий, пекуче-їдкий, без особливого запаху. • Споровий порошок: жовтуватий. • Молочний сік: білий, на повітрі (разом з м’якушем) стає сірим або зеленувато-сірим, при відділенні від м’якуша не змінюється, пекуче-їдкий.",липень — жовтень.,
Lactarius vietus,Хрящ-молочник бляклий,conditionally_edible,0,0,0,0,0,0,,0,1,,Полтавська|Сумська|Харківська|Чернігівська,"• Шапка: 2,5–7 (10) см, лілувато-сіро-коричнювата або лілувато-сіра, до краю світліша, часто з невиразними зонами; слизька, клейка, при підсиханні блискуча; у центрі іноді зморшкувата, тупоконусовидна, згодом плоско- або увігнуто-розпростерта, іноді з маленьким конусовидним виступом, часом лійковидна; з підігнутим, потім плоским тонким краєм. • Пластинки: кремуваті, згодом сірувато-жовтуваті, з червонуватим відтінком, при дотику сіро-оливково-коричневі. • Ніжка: 3–6 (8) × 0,4–1,5 см, щільна, з віком часто з порожниною, білувата або світло-лілувато-сірувата, іноді вохряно-сірувата, суха. • М’якоть: білуватий, під шкіркою темніший, їдкуватий, без особливого запаху, на зламі сіріє. • Споровий порошок: жовтуватий. • Молочний сік: білий, на повітрі стає оливково- або зелено-сірим; спочатку солодкий, потім пекучий.",вересень — жовтень.,
Lactarius uvidus,Хрящ-молочник ліловіючий,conditionally_edible,0,0,0,0,0,0,,0,1,,Житомирська|Київська|Полтавська|Рівненська|Сумська|Харківська|Хмельницька|Чернігівська,"• Шапка: 4–10 см, фіолетово-сіра, м’ясо-сіра, сірувато-лілувато-коричнювата, з невиразними темнішими зонами; опукло- або плоско-розпростерта, іноді з горбочком, часто увігнута до лійковидної; гола, слизька, при підсиханні блискуча. • Пластинки: спускаються на ніжку, вузькі, білі, згодом жовтуваті; при дотику ліловіють або синіють. • Ніжка: 5–12 × 0,5–2 см, спочатку щільна, з віком з порожниною; білувата, потім світло-лілувато-сірувата, біля основи повстисто-волокниста, жовтувата, клейкувата; при дотику ліловіє. • М’якоть: білий, у ніжці внизу жовтуватий; гіркуватий. • Споровий порошок: жовтуватий. • Молочний сік: білий, на повітрі ліловіє, при відділенні від м’якуша не змінюється; гіркий.",серпень — жовтень.,
Lactarius violascens,Хрящ-молочник фіолетовий,inedible,0,0,0,0,0,0,,0,1,,Івано-Франківська|Львівська|Тернопільська,"• Шапка: 5–10 (15) см, фіолетово-коричнева, з кількома темнішими концентричними зонами; увігнуто-розпростерта; при натискуванні темніє. • Пластинки: жовтуваті, згодом коричнюваті, з вохряним відтінком; при натискуванні повільно стають червоно-фіолетовими, далі фіолетово-коричневими. • Ніжка: (2–3) 4–6 × 1–2,5 см, щільна, з часом з порожниною; вохряно-коричнювата, вгорі борошниста, біля основи волокниста; при натискуванні червонувато-фіолетова. • М’якоть: щільний, жовтувато- або коричнювато-білуватий, гіркуватий, на зламі в ніжці та над пластинками червонувато-фіолетовий; із приємним запахом. • Споровий порошок: жовтуватий. • Молочний сік: водянисто-білий або білий, на повітрі ліловіє, гіркуватий.",липень — жовтень.,
Lactarius aspideus,Хрящ-молочник жовтуватий ліловіючий,inedible,0,0,0,0,0,0,,0,1,,Івано-Франківська|Львівська|Тернопільська,"• Шапка: 3–5 (9) см, білувато-жовта, іноді лимонно-жовта, до краю світліша; опукло- або плоско-розпростерта, з віком увігнуто-розпростерта; гола, суха, при зволоженні клейка або слизиста; при натискуванні лілово-сіра до коричнево-фіолетової. • Пластинки: білі, з віком жовтуваті, з сірувато-червонуватим відтінком; вузькі, спускаються на ніжку; при дотику ліловіють, далі стають лілово-сірими, коричнюватими. • Ніжка: 3–8 × 0,5–1,5 см, циліндрична або до основи розширена, щільна; вгорі білувата, донизу жовтувата, біля основи іноді руда; при дотику ліловіє, потім стає лілово-сірою. • М’якоть: білий, з приємним запахом, на зламі швидко ліловіє, потім повільно знебарвлюється; спочатку солодкий, згодом пекуче-гіркий. • Споровий порошок: жовта. • Молочний сік: білий, спочатку у великій кількості, згодом майже зникає; на повітрі повільно ліловіє; мінливого смаку: спочатку солодкий, потім гіркий, далі пекучий.",липень — вересень.,
Lactarius repraesentaneus,Хрящ-молочник золотисто-жовтий ліловіючий,conditionally_edible,0,0,0,0,0,0,,0,1,,Волинська|Житомирська|Київська|Рівненська|Сумська|Чернігівська,"• Шапка: 5–10 (15) см, яскраво-жовта, золотисто-жовта; щільном’ясиста, подушковидно-опукла, згодом опукло-розпростерта, часто в центрі увігнута, з горбочком; притиснуто-волокниста, в центрі майже гола; з підігнутим, потім опущеним, пластівчасто- або волокнисто-лускатим, волохатим краєм; при зволоженні слизька, при підсиханні блискуча; від натискування ліловіє. • Пластинки: вузькі, густі, жовтуваті, згодом рожевувато-жовті, з бурувато-лілуватими плямами. • Ніжка: 4,5–8 (10) × 1–2,5 (3) см, здебільшого коротша за діаметр шапки; щільна, згодом з порожниною; кольору шапки або світліша; при зволоженні клейка, потім суха; при натискуванні ліловіє. • М’якоть: щільний, жовтуватий, на зламі стає нерівномірно розпливчасто-ліловим; із сильним приємним запахом; без особливого смаку або гіркуватий. • Споровий порошок: жовта. • Молочний сік: білий або водянисто-безбарвний, гіркуватий, на повітрі (разом з м’якушем) ліловіє, при відділенні не змінюється.",липень — жовтень.,
Lactarius pubescens,Хрящ-молочник пухнастий,conditionally_edible,0,0,0,0,0,0,,0,1,,Волинська|Рівненська,"• Шапка: 2–9 см, волохата, волокнисто-пластівчаста, з віком здебільшого майже гола; тонком’ясиста, увігнуто-розпростерта; із закрученим пластівчасто-волосистим волохатим краєм; біла або кремова, у центрі темніша — до вохряної, рожевувато-вохряної; клейка. • Пластинки: вузькі, білуваті, згодом рожевувато-кремові. • Ніжка: (1) 2–5 × 1–1,5 см, дуже коротка, вгорі білувата, донизу рудувата або рожевувато-рудувата, з порожниною. • М’якоть: щільний, білий, пекуче-їдкий. • Споровий порошок: рожевувато-кремова. • Молочний сік: білий, пекуче-їдкий, на повітрі не змінюється.",вересень — жовтень.,
Lactarius controversus,Хрящ-молочник осиковий,conditionally_edible,0,0,0,0,0,0,,0,1,,Івано-Франківська|Житомирська|Київська|Львівська|Полтавська|Рівненська|Сумська|Тернопільська|Харківська|Хмельницька|Чернігівська,"• Шапка: 5–15 (20) см, товсто-щільном’ясиста, спочатку подушковидно-опукла, згодом увігнуто-розпростерта; спочатку з закрученим повстистим, потім опущеним голим краєм; світло-кремова, з розпливчастими рожевими або червонуватими плямами, іноді вся брудно-рожевувата; гола, клейкувата, часто по краю з водянистими концентричними зонами. • Пластинки: кремуваті з рожевим відтінком, з віком брудно-рожевуваті, брудно-червонуваті; густі, вузькі. • Ніжка: 2–5 × 1,5–4 (5) см, значно коротша за діаметр шапки, щільна, кольору шапки. • М’якоть: дуже щільний, білуватий, з віком у шапці рожевуватий, у ніжці жовтий; на зламі не змінюється; пекуче-їдкий; із приємним запахом. • Споровий порошок: рожевувата. • Молочний сік: білий, їдкий або гіркий; у молодих плодових тіл не дуже їдкий; на повітрі не змінюється.",серпень — листопад.,
Lactarius turpis,Хрящ-молочник оливково-чорний,conditionally_edible,0,0,0,0,0,0,,0,1,,Івано-Франківська|Вінницька|Житомирська|Київська|Кіровоградська|Львівська|Рівненська|Тернопільська|Хмельницька|Черкаська,"• Шапка: 5–10 (20) см, оливково-коричнева, оливково-бура, іноді оливково-чорнувата, до краю світліша, жовтувата; з б.-м. яскравими темнішими концентричними зонами; гола, клейка; щільном’ясиста, увігнуто-розпростерта, з підігнутим, потім опущеним краєм. • Пластинки: вузькі, білуваті або жовтуваті, згодом брудно-жовті до коричнюватих; стиглі при дотику коричневіють або буріють. • Ніжка: 3–6 (8) × 1–2,5 см, щільна, кольору шапки або світліша, ямчаста, клейка. • М’якоть: білий, на зламі темніє; їдкуватий; із слабким грибним запахом. • Споровий порошок: кремова. • Молочний сік: білий або водянисто-безбарвний, на повітрі не змінюється, пекуче-їдкий.",липень — листопад.,
Lactarius mammosus,Хрящ-молочник сосочковий,inedible,0,0,0,0,0,0,,0,1,,Волинська|Житомирська|Київська|Рівненська|Сумська|Чернігівська,"• Шапка: 3–6 (9) см, сіро-коричнева, темно-коричнева, темно-сіро-бура, чорно-коричнювата, іноді з легким фіолетовим відтінком, до краю світліша; суха, волокнисто-повстиста або волокнисто-луската; тонком’ясиста, плоско-розпростерта, згодом часом увігнуто-розпростерта, часто з горбочком у центрі. • Пластинки: густі, вузькі, жовті, з часом червонувато-рудуваті; при натискуванні коричневіють. • Ніжка: 3–5 (7) × 0,8–2 см, циліндрична, щільна, згодом з каналом; білувата, з віком кольору шапки; при натискуванні стає буро-вохряною. • М’якоть: у шапці білуватий, під шкіркою темний, у ніжці червонувато-рудуватий; щільний, солодкуватий; у свіжих плодових тіл без запаху, у підсихаючих — з ароматним приємним запахом. • Споровий порошок: кремова. • Молочний сік: білий, на повітрі не змінюється; спочатку солодкуватий, згодом гострий або гіркий; у старих плодових тіл майже відсутній.",серпень — жовтень.,
Lactarius flexuosus,Хрящ-молочник сіро-лілуватий,conditionally_edible,0,0,0,0,0,0,,0,1,,Волинська|Вінницька|Житомирська|Київська|Кіровоградська|Полтавська|Рівненська|Сумська|Тернопільська|Харківська|Хмельницька|Черкаська|Чернігівська,"• Шапка: 5–10 (15) см, брудно-лілово-сіра, коричнювато-лілово-сіра, з темнішими концентричними смугами, іноді без смуг; товсто-щільном’ясиста, опукло- або увігнуто-розпростерта, іноді лійковидна, часто асиметрична; з підігнутим, згодом опущеним хвилястим або лопатевидним краєм; суха, при зволоженні клейкувата; при натискуванні темніє. • Пластинки: товсті, рідкі, з проміжними жилками, кремові, з віком червонувато-світло-вохряні. • Ніжка: 3–8 × 1,5–3,5 см, донизу звужується; вгорі білувата, донизу кольору шапки; щільна; при натискуванні темніє. • М’якоть: жовтувато-білуватий, під шкіркою лілувато-коричнюватий; пекуче-їдкий, при підсиханні гіркуватий; із приємним запахом. • Споровий порошок: кремова. • Молочний сік: білий (засихаючий кремовий), дуже пекуче-їдкий.",липень — вересень.,
Lactarius spinosulus,Хрящ-молочник шипастий,inedible,0,0,0,0,0,0,,0,1,,Волинська|Вінницька|Житомирська|Київська|Кіровоградська|Полтавська|Рівненська|Сумська|Тернопільська|Харківська|Хмельницька|Черкаська|Чернігівська,"• Шапка: 1,5–4,5 (6) см, лілувато-сіро-рожева, лілувато-сіро-червонувата; радіальноволокниста, стовбурчастолуската; тонком’ясиста, опукло- або плоско-розпростерта, іноді майже лійковидна, здебільшого з гострим горбочком у центрі, з опущеним тонким краєм; клейка; при натискуванні зеленіє. • Пластинки: тонкі, густі, з віком рідкі, вузькі, світло-вохряні, далі червонувато-вохряні, припорошені споровою масою; при натискуванні стають коричнево-зеленуватими. • Ніжка: 2–5 × 0,3–0,8 см, донизу звужена, щільна або з каналом; кольору шапки, біля основи часом рудувата. • М’якоть: нерівномірно жовтувато-білуватий; спочатку солодкуватий, згодом (швидко) гоструватий; без особливого запаху; при натискуванні стає темно-зеленим. • Споровий порошок: рожевувато-світло-вохряна. • Молочний сік: білий, солодкуватий, згодом пекуче-їдкуватий.",серпень — вересень.,
Russula albonigra,Сироїжка біло-чорна,conditionally_edible,0,0,0,0,0,0,,0,1,,,,серпень — вересень.,
Russula nigricans,Сироїжка чорніюча,conditionally_edible,0,0,0,0,0,0,,0,1,,,,липень — жовтень.,
Russula densifolia,Сироїжка густопластинчаста,inedible,0,0,0,0,0,0,,0,1,,,,липень — жовтень.,
Russula adusta,Сироїжка чорна,conditionally_edible,0,0,0,0,0,0,,0,1,,,,липень — жовтень.,
Russula decolorans,Сироїжка вицвітаюча,edible,0,0,0,0,0,0,,0,1,,,,червень — жовтень.,
Russula obscura,Сироїжка темна,edible,0,0,0,0,0,0,,0,1,,,,липень — жовтень.,
Russula claroflava,Сироїжка світло-жовта,edible,0,0,0,0,0,0,,0,1,,,,червень — жовтень.,
Russula ochroleuca,Сироїжка вохряно-жовта,inedible,0,0,0,0,0,0,,0,1,,,,липень — вересень.,
Russula puellaris,Сироїжка дівоча,edible,0,0,0,0,0,0,,0,1,,,,липень — жовтень.,
Russula viscida,Сироїжка слизька,edible,0,0,0,0,0,0,,0,1,,,,липень — жовтень.,
Russula lilacea,Сироїжка лілова,edible,0,0,0,0,0,0,,0,1,,,,липень — жовтень.,
Russula pulchella,Сироїжка гарна,edible,0,0,0,0,0,0,,0,1,,,,липень — жовтень.,
Russula olivacea,Сироїжка оливково-зелена,edible,0,0,0,0,0,0,,0,1,,,,липень — жовтень.,
Russula atropurpurea,Сироїжка чорно-пурпурова,edible,0,0,0,0,0,0,,0,1,,,,липень — жовтень.,
Russula lutea,Сироїжка червоно-жовта,edible,0,0,0,0,0,0,,0,1,,,,липень — жовтень.,
Russula mustelina,Сироїжка коричнева,edible,0,0,0,0,0,0,,0,1,,,,липень — жовтень.,
Russula mollis,Сироїжка м'яка,edible,0,0,0,0,0,0,,0,1,,,,серпень — жовтень.,
Russula aeruginosa,Сироїжка зелена велика,edible,0,0,0,0,0,0,,0,1,,,,липень — жовтень.,
Russula amoena,Сироїжка зерниста,edible,0,0,0,0,0,0,,0,1,,,,липень — вересень.,
Russula heterophylla,Сироїжка різнопластинчаста,edible,0,0,0,0,0,0,,0,1,,,,серпень — вересень.,
Russula grisea,Сироїжка сіра,edible,0,0,0,0,0,0,,0,1,,,,серпень — вересень.,
Russula roseipes,Сироїжка рожевонога,edible,0,0,0,0,0,0,,0,1,,,,липень — жовтень.,
Russula brunneoviolacea,Сироїжка коричнево-лілова,edible,0,0,0,0,0,0,,0,1,,,,серпень — жовтень.,
Russula melliolens,Сироїжка медова,edible,0,0,0,0,0,0,,0,1,,,,червень — жовтень.,
Russula aurata,Сироїжка золотиста,edible,0,0,0,0,0,0,,0,1,,,,серпень — вересень.,
Russula paludosa,Сироїжка болотяна,edible,0,0,0,0,0,0,,0,1,,,,серпень — жовтень.,
Russula curtipes,Сироїжка коротконога,edible,0,0,0,0,0,0,,0,1,,,,серпень — вересень.,
Russula alutacea,Сироїжка зелено-червона,edible,0,0,0,0,0,0,,0,1,,,,липень — жовтень.,
Russula integra,Сироїжка бездоганна,edible,0,0,0,0,0,0,,0,1,,,,липень — жовтень.,
Russula fellea,Сироїжка жовта,inedible,0,0,0,0,0,0,,0,1,,,,липень — жовтень.,
Russula farinipes,Сироїжка валуєвидна,inedible,0,0,0,0,0,0,,0,1,,,,,
Russula consobrina,Сироїжка сірувато-бура,inedible,0,0,0,0,0,0,,0,1,,,,,
Russula pectinata,Сироїжка гребінчаста,inedible,0,0,0,0,0,0,,0,1,,,,,
Russula maculata,Сироїжка плямиста,inedible,0,0,0,0,0,0,,0,1,,,,липень — жовтень.,
Russula rubra,Сироїжка червона,inedible,0,0,0,0,0,0,,0,1,,,,липень — жовтень.,
Russula sanguinea,Сироїжка криваво-червона,inedible,0,0,0,0,0,0,,0,1,,,,липень — жовтень.,
Russula badia,Сироїжка пурпурово-коричнева,inedible,0,0,0,0,0,0,,0,1,,,,серпень — вересень.,
Russula sardonia,Сироїжка темно-фіолетова,inedible,0,0,0,0,0,0,,0,1,,,,липень — вересень.,
Russula queletii,Сироїжка Келета,inedible,0,0,0,0,0,0,,0,1,,,,липень — вересень.,
Russula rosea,Сироїжка рожева,conditionally_edible,0,0,0,0,0,0,,0,1,,,,серпень — жовтень.,
Russula pseudointegra,Сироїжка рум'яна,conditionally_edible,0,0,0,0,0,0,,0,1,,,,серпень — жовтень.,
Russula caerulea,Сироїжка лазурова,edible,0,0,0,0,0,0,,0,1,,,,серпень — вересень.,
Russula nauseosa,Сироїжка бридка,inedible,0,0,0,0,0,0,,0,1,,,,серпень — жовтень.,
Tricholoma album,Рядовка біла,poisonous,0,0,0,1,0,0,,0,1,,Волинська|Вінницька|Житомирська|Київська|Полтавська|Рівненська|Сумська|Тернопільська|Харківська|Хмельницька|Черкаська|Чернігівська,"• Шапка: 5–12 см, біла або кремова, гола, суха; опукла, згодом плоско-розпростерта, з підігнутим краєм. • Пластинки: білі, густі, прирослі. • Ніжка: 5–10 × 1–2 см, біла, волокниста, щільна. • М'якоть: біла, з неприємним запахом, пекучо-гірка. • Споровий порошок: білий.",серпень — жовтень.,
Tricholoma sulphureum,Рядовка сірчано-жовта,poisonous,0,0,0,1,0,0,,0,1,,Івано-Франківська|Волинська|Вінницька|Житомирська|Закарпатська|Київська|Львівська|Полтавська|Рівненська|Сумська|Тернопільська|Харківська|Хмельницька|Черкаська|Чернівецька|Чернігівська,"• Шапка: 3–8 см, сірчано-жовта або оливкувато-жовта, шовковиста; опукла, згодом плоско-розпростерта. • Пластинки: жовті, густі, прирослі. • Ніжка: 5–10 × 1–1,5 см, жовта, волокниста. • М'якоть: жовта, з дуже неприємним запахом (сірководню або газу). • Споровий порошок: білий.",серпень — жовтень.,
Tricholoma virgatum,Рядовка волокниста,poisonous,0,0,0,1,0,0,,0,1,,Волинська|Житомирська|Київська|Полтавська|Рівненська|Сумська|Харківська|Чернігівська,"• Шапка: 3–9 см, сіра або лілувато-сіра, радіально-чорноволокниста; опукла, згодом плоско-розпростерта, з горбочком. • Пластинки: білі, з часом сірі, густі. • Ніжка: 6–12 × 0,8–2,2 см, біла, сірувата, волокниста. • М'якоть: сірувата, дуже гірка, з неприємним запахом. • Споровий порошок: білий.",серпень — жовтень.,
Tricholoma vaccinum,Рядовка рудувато-червона,inedible,0,0,0,0,0,0,,0,1,,Волинська|Житомирська|Київська|Полтавська|Рівненська|Сумська|Харківська|Чернігівська,"• Шапка: 4–7 см, червоно- або рудо-коричнева, шерстисто-повстисто-луската; опукла, згодом плоско-розпростерта, з горбочком. • Пластинки: білуваті, згодом брудно-червонуваті, густі. • Ніжка: 4–10 × 1–1,5 см, кольору шапки, волокнисто-луската. • М'якоть: біла, з запахом борошна. • Споровий порошок: білий.",серпень — жовтень.,
Tricholoma imbricatum,Рядовка черепичаста,inedible,0,0,0,0,0,0,,0,1,,Волинська|Житомирська|Київська|Полтавська|Рівненська|Сумська|Харківська|Чернігівська,"• Шапка: 4–10 см, рудувато- або буро-коричнева, волокнисто-луската (луски розташовані як черепиця); опукла, згодом плоско-розпростерта, з горбочком. • Пластинки: білуваті, згодом червонувато-коричнюваті, густі. • Ніжка: 7–13 × 1–2,5 см, білувата, волокниста. • М'якоть: білувата, з запахом борошна. • Споровий порошок: білий.",серпень — жовтень.,
Tricholoma pessundatum,Рядовка згубна,poisonous,0,0,0,1,0,0,,0,1,,Волинська|Житомирська|Київська|Полтавська|Рівненська|Сумська|Харківська|Чернігівська,"• Шапка: 4–15 см, руда або бурувато-жовтувата, волокнисто-луската; опукла, згодом плоско-розпростерта, часто з горбочком. • Пластинки: білі, згодом руді, густі. • Ніжка: 4–12 × 2–4 см, білувата, біля основи коричнювата. • М'якоть: біла, з запахом борошна, на зламі рудіє. • Споровий порошок: білий.",серпень — жовтень.,
Tricholoma populinum,Рядовка тополева,edible,0,0,0,0,0,0,,0,1,,Вінницька|Дніпропетровська|Донецька|Запорізька|Кіровоградська|Миколаївська|Одеська|Полтавська|Тернопільська|Харківська|Херсонська|Хмельницька|Черкаська,"• Шапка: 4–15 см, коричнювата або сіро-коричнювата, волокнисто-луската; опукла, згодом плоско-розпростерта. • Пластинки: білі, згодом рудіють, густі. • Ніжка: 3–10 × 2–4 см, білувата, щільна. • М'якоть: біла, з запахом борошна, на зламі рудіє. • Споровий порошок: білий.",вересень — листопад.,
Tricholoma saponaceum,Рядовка сіра,inedible,0,0,0,0,0,0,,0,1,,Волинська|Житомирська|Київська|Полтавська|Рівненська|Сумська|Харківська|Чернігівська,"• Шапка: 4–10 см, сірувата або оливкувато-сірувата, гола; опукла, згодом плоско-розпростерта, часто з горбочком. • Пластинки: жовтувато- або зеленувато-білі, густі. • Ніжка: 5–12 × 1–3 см, біла або темно-сіра, волокнисто-луската. • М'якоть: гіркувата, з запахом мила (характерна ознака!). • Споровий порошок: білий.",серпень — жовтень.,
Tricholoma sejunctum,Рядовка відокремлена,inedible,0,0,0,0,0,0,,0,1,,Волинська|Житомирська|Київська|Полтавська|Рівненська|Сумська|Харківська|Чернігівська,"• Шапка: 3–10 см, зеленкувато- або оливкувато-жовта, в центрі коричнева, радіально-темноволокниста; опукла, згодом плоско-розпростерта, з горбочком. • Пластинки: білі, згодом жовтуваті, густі. • Ніжка: 5–12 × 1–3 см, біла, жовтувата, волокниста. • М'якоть: біла, гіркувата, з запахом борошна. • Споровий порошок: білий.",серпень — жовтень.,
Tricholoma orirubens,Рядовка червоніюча,inedible,0,0,0,0,0,0,,0,1,,Вінницька|Кіровоградська|Полтавська|Тернопільська|Харківська|Хмельницька|Черкаська,"• Шапка: 5–10 см, сіра, в центрі темніша, чорноволокнисто-луската; опукла, згодом плоско-розпростерта. • Пластинки: білі, згодом рожевуваті, густі. • Ніжка: 5–8 × 1–2,5 см, біла, біля основи зеленкувата. • М'якоть: білувата, на зламі рожевіє. • Споровий порошок: білий.",серпень — жовтень.,
Clitocybe nebularis,Говорушка сіра,conditionally_edible,0,0,0,0,0,0,,0,1,,Івано-Франківська|Волинська|Вінницька|Житомирська|Закарпатська|Київська|Кіровоградська|Львівська|Полтавська|Рівненська|Сумська|Тернопільська|Харківська|Хмельницька|Черкаська|Чернівецька|Чернігівська,"• Шапка: 7–30 см, біла, сірувата або сіра, гола; опукла, згодом плоско-розпростерта, з горбочком, край підігнутий. • Пластинки: білуваті, згодом брудно-жовтуваті, густі, злегка спускаються на ніжку. • Ніжка: 5–12 × 2–4 см, білувата, волокниста, щільна, з віком з порожниною. • М'якоть: біла, з сильним фруктовим запахом. • Споровий порошок: кремовий.",вересень — листопад.,
Clitocybe geotropa,Говорушка руда,edible,0,0,0,0,0,0,,0,1,,Вінницька|Дніпропетровська|Донецька|Запорізька|Кіровоградська|Луганська|Миколаївська|Одеська|Полтавська|Тернопільська|Харківська|Хмельницька|Черкаська,"• Шапка: 5–20 (30–40) см, брудно-жовтувата або коричнювата, увігнуто-розпростерта, з горбочком, згодом лійковидна; край закручений. • Пластинки: білуваті, згодом кольору шапки, низько спускаються на ніжку. • Ніжка: 5–16 × 1–4 см, білувата, щільна, згодом коркувата. • М'якоть: біла, щільна, з приємним запахом. • Споровий порошок: білий.",серпень — листопад.,
Clitocybe gigantea,Говорушка гігантська,edible,0,0,0,0,0,0,,0,1,,Івано-Франківська|АР Крим|Вінницька|Закарпатська|Кіровоградська|Львівська|Полтавська|Тернопільська|Харківська|Хмельницька|Черкаська,"• Шапка: 10–40 см, біла, в центрі жовтувата, гола; опукла, згодом лійковидна, з закрученим краєм. • Пластинки: білі, з часом кольору шапки, густі, злегка спускаються. • Ніжка: 4–7 × 2–5 см, біла, борошниста, щільна. • М'якоть: біла, з легким запахом борошна; смак спочатку добрий, згодом гіркуватий. • Споровий порошок: білий.",серпень — жовтень.,
Clitocybe odora,Говорушка ароматна,edible,0,0,0,0,0,0,,0,1,,Волинська|Вінницька|Житомирська|Київська|Полтавська|Рівненська|Сумська|Тернопільська|Харківська|Хмельницька|Черкаська|Чернігівська,"• Шапка: 3–9 см, зелена або синювато-зелена, гола; опукла, згодом плоско-розпростерта. • Пластинки: зеленуваті, густі, прирослі. • Ніжка: 4–7 × 0,5–1 см, зеленувата, щільна. • М'якоть: білувата, з сильним запахом анісу. • Споровий порошок: білий.",серпень — жовтень.,
Clitocybe clavipes,Говорушка булавовиднонога,inedible,0,0,0,0,0,0,,0,1,,Волинська|Житомирська|Київська|Полтавська|Рівненська|Сумська|Харківська|Чернігівська,"• Шапка: 4–10 см, сірувато-коричнева, гола; опукла, згодом плоско-розпростерта. • Пластинки: білі, згодом жовтуваті, густі. • Ніжка: 3–6 × 1–2 см, донизу булавовидно потовщена, сірувата. • М'якоть: біла, з слабким запахом. • Споровий порошок: білий.",серпень — жовтень.,
Clitocybe infundibuliformis,Говорушка лійковидна,edible,0,0,0,0,0,0,,0,1,,Волинська|Вінницька|Дніпропетровська|Донецька|Житомирська|Запорізька|Київська|Кіровоградська|Луганська|Миколаївська|Одеська|Полтавська|Рівненська|Сумська|Тернопільська|Харківська|Хмельницька|Черкаська|Чернігівська,"• Шапка: 3–15 см, рудувато-кремова або вохряно-жовта, лійковидна, з тонким хвилястим краєм. • Пластинки: білуваті, згодом кольору шапки, низько спускаються. • Ніжка: 3–6 × 0,5–1,2 см, біла, гола, щільна. • М'якоть: біла, з приємним запахом. • Споровий порошок: білий.",липень — жовтень.,
Clitocybe rivulosa,Говорушка червонувата,poisonous,0,0,0,1,0,0,,0,1,,Волинська|Вінницька|Дніпропетровська|Донецька|Житомирська|Запорізька|Київська|Кіровоградська|Луганська|Миколаївська|Одеська|Полтавська|Рівненська|Сумська|Тернопільська|Харківська|Хмельницька|Черкаська|Чернігівська,"• Шапка: 2–7 см, біла, з кремовими або рудуватими зонами, при зволоженні рудувато-м'ясо-червона; опукла, згодом плоско-розпростерта. • Пластинки: білі, згодом жовтуваті, густі. • Ніжка: 2–6 × 0,4–0,9 см, кольору шапки, щільна. • М'якоть: біла, з слабким приємним запахом. • Споровий порошок: білий.",вересень — листопад.,
Clitocybe phyllophila,Говорушка листолюбна,poisonous,0,0,0,1,0,0,,0,1,,Івано-Франківська|Донецька|Кіровоградська|Луганська|Львівська|Полтавська|Тернопільська|Харківська,"• Шапка: 5–11 см, біла або жовтувато-біла, шовковиста; опукла, згодом плоско-розпростерта. • Пластинки: білі, згодом кремово-жовтуваті, густі. • Ніжка: 2,5–8 × 0,3–1,2 см, кольору шапки, біля основи повстисто-волосиста. • М'якоть: біла, з сильним запахом борошна. • Споровий порошок: білий.",вересень — листопад.,
Clitocybe suaveolens,Говорушка запашна,edible,0,0,0,0,0,0,,0,1,,Івано-Франківська|Волинська|Житомирська|Київська|Львівська|Рівненська|Тернопільська,"• Шапка: 2–6 см, білувата, кремова, жовтувата, з рожевим відтінком; опукла, згодом плоско-розпростерта. • Пластинки: білі, згодом сірі, густі. • Ніжка: 3–6 × 0,3–0,6 см, кольору шапки, щільна. • М'якоть: біла, з приємним анісовим запахом. • Споровий порошок: білий.",серпень — жовтень.,
Clitocybe brumalis,Говорушка зимова,inedible,0,0,0,0,0,0,,0,1,,Вінницька|Дніпропетровська|Запорізька|Кіровоградська|Миколаївська|Одеська|Полтавська|Тернопільська|Харківська|Хмельницька|Черкаська,"• Шапка: 2–7 см, сіра, жовто-сіра або сіро-коричнювата, увігнута, з горбочком; край підігнутий. • Пластинки: білуваті, згодом жовтуваті, густі. • Ніжка: 3–6 × 0,3–0,5 см, кольору шапки, білоповстиста. • М'якоть: біла, з запахом борошна. • Споровий порошок: білий.",вересень — листопад (до зимових морозів).,
Collybia dryophila,Колібія лісолюбна,edible,0,0,0,0,0,0,,0,1,,АР Крим|Волинська|Вінницька|Дніпропетровська|Донецька|Житомирська|Запорізька|Київська|Кіровоградська|Луганська|Миколаївська|Одеська|Полтавська|Рівненська|Сумська|Тернопільська|Харківська|Хмельницька|Черкаська|Чернігівська,"• Шапка: 2–6 см, білувата, рудувато-вохряна, жовтувато-коричнювата; опукла, згодом плоско-розпростерта, гола. • Пластинки: білуваті, згодом кремові, густі, прирослі. • Ніжка: 3–7 × 0,2–0,5 см, білувата, вохряно-жовтувата, волокниста, щільна. • М'якоть: біла, без особливого запаху. • Споровий порошок: білий.",травень — листопад.,
Collybia peronata,Колібія обгорнута,inedible,0,0,0,0,0,0,,0,1,,Івано-Франківська|Волинська|Вінницька|Дніпропетровська|Донецька|Житомирська|Закарпатська|Запорізька|Київська|Кіровоградська|Луганська|Львівська|Миколаївська|Одеська|Полтавська|Рівненська|Сумська|Тернопільська|Харківська|Хмельницька|Черкаська|Чернівецька|Чернігівська,"• Шапка: 2–7 см, бурувато-рудувата, вохряно-бурувата, зморшкувато-рубчаста; опукла, згодом плоско-розпростерта. • Пластинки: рідкі, коричнювато-жовті, прирослі. • Ніжка: 3–8 × 0,3–0,8 см, бурувато-коричнювата, повстиста, щільна. • М'якоть: жовтувата, пекучо-гірка. • Споровий порошок: білий.",липень — жовтень.,
Collybia confluens,Колібія численна,edible,0,0,0,0,0,0,,0,1,,Івано-Франківська|Волинська|Вінницька|Дніпропетровська|Донецька|Житомирська|Закарпатська|Запорізька|Київська|Кіровоградська|Луганська|Львівська|Миколаївська|Одеська|Полтавська|Рівненська|Сумська|Тернопільська|Харківська|Хмельницька|Черкаська|Чернівецька|Чернігівська,"• Шапка: 2–5 см, бурувато-білувата, рожевувато-сірувато-жовта; опукла, згодом плоско-розпростерта. • Пластинки: густі, білуваті, згодом кольору шапки, прирослі. • Ніжка: 5–9 × 0,2–0,4 см, рудувата, повстисто-волосиста, щільна; ніжки зростаються у щільні групи. • М'якоть: білувата, без запаху. • Споровий порошок: білий.",липень — жовтень.,
Collybia maculata,Колібія плямиста,inedible,0,0,0,0,0,0,,0,1,,Волинська|Житомирська|Київська|Полтавська|Рівненська|Сумська|Харківська|Чернігівська,"• Шапка: 5–12 см, біла, білувата, з рудуватими плямами; опукла, згодом плоско-розпростерта. • Пластинки: білі, густі, прирослі. • Ніжка: 6–10 × 1–2 см, біла, з плямами, борозенчаста, щільна. • М'якоть: біла, гірка. • Споровий порошок: білий.",серпень — жовтень.,
Collybia butyracea,Колібія рудувато-сіра,edible,0,0,0,0,0,0,,0,1,,Івано-Франківська|Волинська|Вінницька|Дніпропетровська|Донецька|Житомирська|Закарпатська|Запорізька|Київська|Кіровоградська|Луганська|Львівська|Миколаївська|Одеська|Полтавська|Рівненська|Сумська|Тернопільська|Харківська|Хмельницька|Черкаська|Чернівецька|Чернігівська,"• Шапка: 4–9 см, рудувато-сірувата, сірувато-бурувата, гола; опукла, згодом плоско-розпростерта. • Пластинки: білуваті, густі, прирослі. • Ніжка: 4–8 × 0,5–2 см, білувата, штрихувата, щільна. • М'якоть: білувата, з приємним маслянистим запахом. • Споровий порошок: білий.",липень — листопад.,
Collybia fusipes,Колібія веретенонога,conditionally_edible,0,0,0,0,0,0,,0,1,,Івано-Франківська|АР Крим|Вінницька|Закарпатська|Кіровоградська|Львівська|Полтавська|Тернопільська|Харківська|Хмельницька|Черкаська|Чернівецька,"• Шапка: 4–10 см, червонувато-коричнева, рудувато-коричнева, гола; опукла, згодом плоско-розпростерта. • Пластинки: білі, згодом рудуваті, густі, прирослі. • Ніжка: 8–12 × 1–2 см, веретеновидна, з кореневидним виростом, кольору шапки, щільна. • М'якоть: білувата, без запаху. • Споровий порошок: білий.",серпень — жовтень.,
Mycena pura,Міцена чиста,poisonous,0,0,0,1,0,0,,0,1,,Івано-Франківська|АР Крим|Волинська|Вінницька|Житомирська|Закарпатська|Київська|Кіровоградська|Львівська|Полтавська|Рівненська|Сумська|Тернопільська|Харківська|Хмельницька|Черкаська|Чернівецька|Чернігівська,"• Шапка: 2–6,5 см, лілувата, рожева, жовтувато-рожева, гола, рубчаста; дзвониковидна, згодом плоско-розпростерта. • Пластинки: лілуваті, широкі, прирослі. • Ніжка: 4–7 × 0,2–1 см, кольору шапки, щільна. • М'якоть: з запахом редьки. • Споровий порошок: білий.",травень — листопад.,
Mycena galericulata,Міцена ковпаковидна,inedible,0,0,0,0,0,0,,0,1,,Івано-Франківська|АР Крим|Волинська|Вінницька|Житомирська|Закарпатська|Київська|Кіровоградська|Львівська|Полтавська|Рівненська|Сумська|Тернопільська|Харківська|Хмельницька|Черкаська|Чернівецька|Чернігівська,"• Шапка: 2–6 см, сіра, коричнево-сіра, бурувато-коричнювата, гола; дзвониковидна, згодом плоско-розпростерта. • Пластинки: білуваті, згодом рожевуваті, густі, прирослі. • Ніжка: 2–11 × 0,15–0,7 см, кольору шапки, щільна. • М'якоть: з запахом борошна. • Споровий порошок: білий.",травень — листопад.,
Mycena polygramma,Міцена штрихувата,inedible,0,0,0,0,0,0,,0,1,,Івано-Франківська|АР Крим|Волинська|Вінницька|Житомирська|Закарпатська|Київська|Кіровоградська|Львівська|Полтавська|Рівненська|Сумська|Тернопільська|Харківська|Хмельницька|Черкаська|Чернівецька|Чернігівська,"• Шапка: 2–4 см, бурувато- або коричнювато-сіра, штрихувата; дзвониковидна, згодом плоско-розпростерта. • Пластинки: білуваті, згодом рожевуваті, густі. • Ніжка: 3–14 × 0,1–0,5 см, зморшкувато-рубчаста, білувата, щільна. • М'якоть: без запаху. • Споровий порошок: білий.",травень — листопад.,
Mycena haematopus,Міцена кривавонога,inedible,0,0,0,0,0,0,,0,1,,АР Крим|Волинська|Вінницька|Житомирська|Київська|Полтавська|Рівненська|Сумська|Тернопільська|Харківська|Хмельницька|Черкаська|Чернігівська,"• Шапка: 1–3 см, сіро-коричнево-рожева, пурпурово-коричнювата; дзвониковидна. • Пластинки: рідкі, білі. • Ніжка: 2–8 × 0,1–0,3 см, донизу криваво-червона, при пошкодженні виділяє червоний сік. • М'якоть: без особливого запаху. • Споровий порошок: білий.",травень — жовтень.,
Mycena rosella,Міцена рожева,inedible,0,0,0,0,0,0,,0,1,,Івано-Франківська|Закарпатська|Кіровоградська|Львівська|Полтавська|Харківська|Чернівецька,"• Шапка: 0,5–1,5 см у діаметрі; спочатку дзвоникоподібна, потім опукла або плоско-розпростерта; жовтувато-рожева, рожева, до краю червонувата; поверхня гладенька, злегка рубчаста; край рівний, тонкий, іноді хвилястий. • Пластинки: рожевуваті, з віком бліднішають; прирослі, досить густі. • Ніжка: 2,5–4 см × 0,1 см; циліндрична, кольору шапки або світліша; гладенька, порожниста; без кільця та піхви. • М’якоть: тонка, білувато-рожева; на зламі не змінюється; без виразного запаху; смак м’який. • Споровий порошок: білий.",серпень — жовтень.,
Mycena epipterygia,Міцена слизька,inedible,0,0,0,0,0,0,,0,1,,Івано-Франківська|Волинська|Вінницька|Житомирська|Закарпатська|Київська|Львівська|Рівненська|Тернопільська|Хмельницька|Черкаська|Чернівецька,"• Шапка: 1–2,5 см у діаметрі; дзвоникоподібна, потім опукла або плоско-розпростерта; сірувато-коричнева, жовтувата, іноді з оливковим відтінком; поверхня дуже клейка, рубчаста; край тонкий, рубчастий. • Пластинки: білі, згодом сіруваті; прирослі, густі. • Ніжка: 5–8 см × 0,1–0,17 см; циліндрична, лимонно-жовта; клейка, гладенька, порожниста; без кільця та піхви. • М’якоть: тонка, білувата; на зламі не змінюється; з неприємним запахом; смак м’який. • Споровий порошок: білий.",серпень — жовтень.,
Mycena inclinata,Міцена нахилена,inedible,0,0,0,0,0,0,,0,1,,Івано-Франківська|АР Крим|Волинська|Вінницька|Житомирська|Закарпатська|Київська|Кіровоградська|Львівська|Полтавська|Рівненська|Сумська|Тернопільська|Харківська|Хмельницька|Черкаська|Чернівецька|Чернігівська,"• Шапка: 2,5–4 см у діаметрі; дзвоникоподібна, згодом опукла або плоско-розпростерта; брудно-біла, чорнувата, сіро-коричнева, з радіальними штрихами; поверхня гладенька, злегка рубчаста; край нерівний. • Пластинки: білуваті, згодом рожевуваті; прирослі, густі. • Ніжка: 4–9 см; циліндрична, часто нахилена; жовта, біля основи червоно-коричнева; гладенька, порожниста; без кільця та піхви. • М’якоть: тонка, білувата; на зламі не змінюється; з неприємним запахом; смак м’який. • Споровий порошок: білий.",травень — листопад.,
Mycena aetites,Міцена лужна,inedible,0,0,0,0,0,0,,0,1,,Івано-Франківська|Волинська|Вінницька|Житомирська|Закарпатська|Київська|Кіровоградська|Львівська|Полтавська|Рівненська|Сумська|Тернопільська|Харківська|Хмельницька|Черкаська|Чернівецька|Чернігівська,"• Шапка: 1–5 см у діаметрі; спочатку дзвоникоподібна, потім опукла або плоско-розпростерта; бурувато-коричнювато-сіра, коричнева, з радіальними рубчиками; поверхня гладенька, суха; край рубчастий. • Пластинки: сіро-коричневі; прирослі, густі. • Ніжка: 5–7 см × 0,2 см; циліндрична, кольору шапки; гладенька, порожниста; без кільця та піхви. • М’якоть: тонка, білувата; на зламі не змінюється; з дуже сильним аміачним запахом; смак м’який. • Споровий порошок: білий.",серпень — жовтень.,
Mycena galopus,Міцена білосокова,inedible,0,0,0,0,0,0,,0,1,,Івано-Франківська|Волинська|Житомирська|Закарпатська|Київська|Львівська|Рівненська|Тернопільська|Хмельницька|Чернівецька,"• Шапка: 1–3 см у діаметрі; дзвоникоподібна, згодом опукла або плоско-розпростерта; коричнювата, сірувато-коричнева; поверхня гладенька, злегка рубчаста; край рівний. • Пластинки: білуваті; прирослі, густі. • Ніжка: 4–8 см × 0,1–0,15 см; циліндрична, коричнювата; при пошкодженні виділяє білий молочний сік; гладенька, порожниста; без кільця та піхви. • М’якоть: тонка, білувата; на зламі не змінюється; без особливого запаху; смак м’який. • Споровий порошок: білий.",серпень — жовтень.,
Mycena sanguinolenta,Міцена кривавоплямиста,inedible,0,0,0,0,0,0,,0,1,,Івано-Франківська|Волинська|Житомирська|Закарпатська|Київська|Львівська|Рівненська|Тернопільська|Хмельницька|Чернівецька,"• Шапка: 0,6–2 см у діаметрі; дзвоникоподібна, згодом опукла або плоско-розпростерта; коричнювато-червона, червонувато-коричнева; поверхня гладенька, злегка рубчаста; край рівний. • Пластинки: білуваті; прирослі, густі. • Ніжка: 4–8 см × 0,1–0,15 см; циліндрична, коричнювато-червона; при пошкодженні виділяє коричнювато-червоний сік; гладенька, порожниста; без кільця та піхви. • М’якоть: тонка, білувата; на зламі не змінюється; без особливого запаху; смак м’який. • Споровий порошок: білий.",травень — жовтень.,
Marasmius oreades,Опеньок луговий,edible,0,0,0,0,0,0,,0,1,,АР Крим|Волинська|Вінницька|Дніпропетровська|Донецька|Житомирська|Запорізька|Київська|Кіровоградська|Луганська|Миколаївська|Одеська|Полтавська|Рівненська|Сумська|Тернопільська|Харківська|Херсонська|Хмельницька|Черкаська|Чернігівська,"• Шапка: 2–5 см у діаметрі; спочатку дзвоникоподібна, потім опукла або плоско-розпростерта, часто з горбочком; кремова, кольору шкіри, вохряно-кремова; поверхня гладенька, суха, матова; край рівний, іноді хвилястий. • Пластинки: білі, згодом кремові; рідкі, широкі; прирослі або майже вільні. • Ніжка: 4–7 см × 0,3–0,5 см; циліндрична, білувата; щільна, волокниста; без кільця та піхви. • М’якоть: білуватий, тонкий; на зламі не змінюється; з приємним грибним запахом; смак приємний. • Споровий порошок: білий.",травень — жовтень (масово у травні-червні та вересні).,
Marasmius alliaceus,Часничник великий,edible,0,0,0,0,0,0,,0,1,,Івано-Франківська|АР Крим|Вінницька|Закарпатська|Львівська|Полтавська|Тернопільська|Харківська|Хмельницька|Черкаська|Чернівецька,"• Шапка: 2–5 см у діаметрі; спочатку дзвоникоподібна, потім опукла або плоско-розпростерта; біла, білувата, згодом коричнювато-кремова; поверхня гладенька, суха; край рівний. • Пластинки: білуваті; прирослі, густі. • Ніжка: 4,5–20 см × 0,1–0,3 см; циліндрична, дуже довга; темна, майже чорна; гладенька, волокниста, щільна; без кільця та піхви. • М’якоть: білуватий, тонкий; на зламі не змінюється; з дуже сильним запахом часнику; смак грибний. • Споровий порошок: білий.",серпень — жовтень.,
Marasmius scorodonius,Часничник дрібний,edible,0,0,0,0,0,0,,0,1,,Волинська|Вінницька|Дніпропетровська|Донецька|Житомирська|Запорізька|Київська|Кіровоградська|Луганська|Миколаївська|Одеська|Полтавська|Рівненська|Сумська|Тернопільська|Харківська|Хмельницька|Черкаська|Чернігівська,"• Шапка: 1–3,5 см у діаметрі; спочатку дзвоникоподібна, потім опукла або плоско-розпростерта; червонувато-коричнювата, з віком вицвітає до світло-коричневої; поверхня гладенька, суха; край рівний, тонкий. • Пластинки: білі, червонувато-білі; прирослі, густі. • Ніжка: 2–4 см × 0,1–0,2 см; циліндрична, червонувато-темно-коричнева; гладенька, щільна; без кільця та піхви. • М’якоть: білуватий, тонкий; на зламі не змінюється; з дуже сильним запахом часнику; смак грибний. • Споровий порошок: білий.",липень — жовтень.,
Marasmius prasiosmus,Маразмій вицвітаючий,edible,0,0,0,0,0,0,,0,1,,Івано-Франківська|Житомирська|Київська|Львівська|Полтавська|Рівненська|Тернопільська|Харківська|Хмельницька,"• Шапка: 1–4 см у діаметрі; спочатку дзвоникоподібна, потім опукла або плоско-розпростерта; жовтувата, вохряно-бура, коричнювата, до краю світліша; поверхня гладенька, суха; край рівний, тонкий. • Пластинки: брудно-жовтуваті; прирослі, густі. • Ніжка: 2–6 см × 0,15–0,4 см; циліндрична, рудувата, коричнева; гладенька, щільна; без кільця та піхви. • М’якоть: білуватий, тонкий; на зламі не змінюється; з дуже сильним запахом часнику; смак грибний. • Споровий порошок: білий.",серпень — жовтень.,
Marasmius rotula,Маразмій колесовидний,inedible,0,0,0,0,0,0,,0,1,,Івано-Франківська|АР Крим|Волинська|Вінницька|Житомирська|Закарпатська|Київська|Львівська|Полтавська|Рівненська|Тернопільська|Харківська|Хмельницька|Черкаська|Чернівецька,"• Шапка: 0,5–1,5 см у діаметрі; спочатку дзвоникоподібна, згодом опукла або плоско-розпростерта, часто з невеликим заглибленням у центрі; біла, білувата, в центрі темніша (сірувато-коричнева); поверхня гладенька, радіально-рубчаста; край рівний, тонкий, іноді хвилястий. • Пластинки: білі, рідкі, вузькі; не доходять до ніжки, утворюють навколо неї характерне кільце (коларіум). • Ніжка: 2–6 см × 0,1–0,2 см; циліндрична, темно-коричнева, чорнувата; блискуча, гладенька, щільна, волокниста; без кільця та піхви. • М’якоть: тонка, білувата; на зламі не змінюється; без особливого запаху; смак м’який. • Споровий порошок: білий.",червень — жовтень.,
Marasmius epiphyllus,Маразмій листовий,inedible,0,0,0,0,0,0,,0,1,,Волинська|Вінницька|Житомирська|Київська|Полтавська|Рівненська|Сумська|Тернопільська|Харківська|Хмельницька|Черкаська|Чернігівська,"• Шапка: 0,5–1 см у діаметрі; дуже тонка, майже прозора, плівчаста; спочатку опукла, згодом плоско-розпростерта; біла, брудно-біла, іноді з рожевим або кремовим відтінком; поверхня гладенька, злегка рубчаста; край рівний, тонкий. • Пластинки: білуваті, рідкі, вузькі; прирослі або майже вільні. • Ніжка: 1–2 см × 0,05–0,1 см; капіляровидна, жовтувата, коричнева; гладенька, блискуча, щільна; без кільця та піхви. • М’якоть: дуже тонка, білувата; на зламі не змінюється; без особливого запаху; смак м’який. • Споровий порошок: білий.",червень — жовтень.,
Entoloma clypeatum,Ентолома щитовидна,edible,0,0,0,0,0,0,,0,1,,Вінницька|Дніпропетровська|Донецька|Житомирська|Запорізька|Київська|Кіровоградська|Луганська|Миколаївська|Одеська|Полтавська|Рівненська|Тернопільська|Харківська|Хмельницька|Черкаська,"• Шапка: 5–12 см у діаметрі; щільно-товстом’ясиста; спочатку дзвоникоподібна або опукла, згодом опукла або плоско-розпростерта, часто асиметрична, з нерівним, хвилястим або лопатевим краєм; сіра, коричнювато-сіра, брудно-біла; поверхня гладенька, суха, іноді злегка луската, часто тріщинувата. • Пластинки: білі, брудно-білі, згодом брудно-рожеві; широкі, густі; прирослі або майже вільні. • Ніжка: 5–10 см × 1–3 см; циліндрична, щільна, біла, волокниста, з підземним виростом; без кільця та піхви. • М’якоть: білий, дуже щільний; на зламі не змінюється; з приємним запахом борошна; смак приємний. • Споровий порошок: рожевий.",травень — червень.,
Entoloma rhodopolium,Ентолома рожево-сива,poisonous,0,0,0,1,0,0,,0,1,,Івано-Франківська|АР Крим|Вінницька|Житомирська|Київська|Кіровоградська|Львівська|Полтавська|Рівненська|Тернопільська|Харківська|Хмельницька|Черкаська,"• Шапка: 4–10 (11) см у діаметрі; тонком’ясиста; спочатку дзвоникоподібна, згодом опукла або плоско-розпростерта, часто з горбочком; сіра, оливкувато-сіра, жовтувато-сіра; поверхня гладенька, гола, злегка рубчаста; край рівний, тонкий, іноді хвилястий. • Пластинки: білуваті, згодом брудно-рожеві; широкі, густі; прирослі. • Ніжка: 5–10 см × 1–3 см; циліндрична, щільна, біла, згодом сірувата, волокниста; без кільця та піхви. • М’якоть: білий, щільний; на зламі не змінюється; з запахом борошна, при підсиханні з неприємним запахом; смак м’який. • Споровий порошок: рожевий.",серпень — вересень.,
Entoloma nidorosum,Ентолома смердюча,poisonous,0,0,0,1,0,0,,0,1,,Житомирська|Київська|Кіровоградська|Полтавська|Рівненська|Харківська|Хмельницька,"• Шапка: 5–7 см у діаметрі; спочатку дзвоникоподібна, згодом опукла або плоско-розпростерта, іноді увігнута, зрідка з невиразним горбочком; оливкувато-сіра; поверхня гола, при підсиханні світлішає, блискуча, шовковиста; край рівний, тонкий. • Пластинки: білуваті, згодом брудно-рожеві; широкі, густі; прирослі. • Ніжка: 5–8 (9) см × 0,2–0,8 см; циліндрична, білувата; гола, вгорі борошниста, щільна, згодом з порожниною; без кільця та піхви. • М’якоть: білуватий, тонкий; на зламі не змінюється; з дуже сильним аміачним запахом; смак м’який. • Споровий порошок: рожевий.",серпень — жовтень.,
Entoloma sericeum,Ентолома шовковиста,edible,0,0,0,0,0,0,,0,1,,Волинська|Вінницька|Дніпропетровська|Житомирська|Київська|Кіровоградська|Миколаївська|Одеська|Полтавська|Рівненська|Тернопільська|Харківська|Хмельницька|Черкаська,"• Шапка: 3–6 см у діаметрі; спочатку дзвоникоподібна, згодом опукла або плоско-розпростерта, іноді з горбочком; темно-буро-коричнева, з віком вицвітає до сіро-коричневої; поверхня гола, при зволоженні шовковисто-блискуча, до краю радіально-рубчаста; край рівний, тонкий. • Пластинки: брудно-білі, коричнюваті, згодом бурувато-рожеві; широкі, густі; прирослі. • Ніжка: 3–7 см × 0,2–0,5 см; циліндрична, часом перекручена; коричнювато-бурувата або сірувата; штрихувата, біловолокниста, з порожниною; без кільця та піхви. • М’якоть: білуватий, тонкий; на зламі не змінюється; з сильним запахом борошна; смак м’який. • Споровий порошок: рожевий.",вересень — листопад.,
Entoloma jubatum,Ентолома волохата,edible,0,0,0,0,0,0,,0,1,,Житомирська|Київська|Полтавська|Рівненська|Харківська|Хмельницька,"• Шапка: 4–6 (8) см у діаметрі; спочатку дзвоникоподібна, згодом опукла або плоско-розпростерта, часто з горбочком; буро-коричнева; поверхня бархатиста або тонкоповстиста, злегка радіально-волокниста, з часом майже гола, вицвітає до сірої; край рівний, тонкий. • Пластинки: рожевуваті, згодом червонуваті; широкі, густі; прирослі. • Ніжка: 5–8 см × 0,4–0,7 см; циліндрична, кольору шапки; волокнисто-штрихувата, щільна, з порожниною; без кільця та піхви. • М’якоть: білуватий, тонкий; на зламі не змінюється; з сильним запахом борошна; смак м’який. • Споровий порошок: рожевий.",серпень — жовтень.,
Entoloma aprile,Ентолома квітнева,poisonous,0,0,0,1,0,0,,0,1,,Вінницька|Кіровоградська|Полтавська|Тернопільська|Харківська|Хмельницька|Черкаська,"• Шапка: 6 см у діаметрі; тонком’ясиста; спочатку конусовидно-дзвоникоподібна, згодом конусовидно-розпростерта, з горбочком у центрі; рудо-коричнева, згодом буро-коричнева, при підсиханні вицвітає до сірої; поверхня гола, клейкувата, згодом суха; край тонкий, рубчастий. • Пластинки: сіруваті, коричнювато-сірі, згодом сірувато- або коричнювато-червонуваті; широкі, густі; прирослі. • Ніжка: 5–7 см × 0,3–1 (1,3) см; циліндрична, з порожниною; білувато-коричнювато-сіра; волокнисто-штрихувата, часом волокнисто-шерстиста; без кільця та піхви. • М’якоть: сіруватий або буруватий, тонкий; на зламі не змінюється; зі слабким запахом борошна; смак м’який. • Споровий порошок: рожевий.",квітень — травень.,
Pluteus cervinus,Плютей бурий,edible,0,0,0,0,0,0,,0,1,,АР Крим|Волинська|Вінницька|Дніпропетровська|Донецька|Житомирська|Запорізька|Київська|Кіровоградська|Луганська|Миколаївська|Одеська|Полтавська|Рівненська|Сумська|Тернопільська|Харківська|Хмельницька|Черкаська|Чернігівська,"• Шапка: 5–12 см у діаметрі; спочатку дзвоникоподібна, згодом опукла або плоско-розпростерта, часто з невеликим горбочком; коричнева, сірувато-бура; поверхня гладенька або радіально-волокниста, суха, матова; край рівний, тонкий, іноді розтрісканий. • Пластинки: вільні, білі, згодом рожеві; широкі, густі. • Ніжка: 5–10 см × 0,5–1,5 см; циліндрична, білувата; темноволокниста, щільна; без кільця та піхви. • М’якоть: білий, м’який; на зламі не змінюється; з неприємним запахом редьки; смак м’який, злегка редьковий. • Споровий порошок: рожевий.",травень — жовтень.,
Pluteus salicinus,Плютей вербовий,edible,0,0,0,0,0,0,,0,1,,Дніпропетровська|Донецька|Житомирська|Запорізька|Київська|Кіровоградська|Луганська|Полтавська|Рівненська|Харківська|Хмельницька,"• Шапка: 2–8 см у діаметрі; спочатку дзвоникоподібна, згодом опукла або плоско-розпростерта; сріблясто- або синювато-сіра, синювато-зеленувата; поверхня гладенька, волокниста, суха; край рівний, тонкий. • Пластинки: вільні, білуваті, згодом червонуваті; широкі, густі. • Ніжка: 3–6 см × 0,3–0,5 см; циліндрична, біла, до основи синювато-зелена; волокниста, щільна; без кільця та піхви. • М’якоть: білуватий; на зламі зеленіє; запах і смак м’які, грибні. • Споровий порошок: рожевий.",травень — жовтень.,
Hygrophorus eburneus,Гігрофор жовтувато-білий,edible,0,0,0,0,0,0,,0,1,,Івано-Франківська|АР Крим|Волинська|Вінницька|Житомирська|Закарпатська|Київська|Львівська|Полтавська|Рівненська|Тернопільська|Харківська|Хмельницька|Черкаська|Чернівецька,"• Шапка: 3–10 см у діаметрі; спочатку конусовидна, згодом опукло- або плоско-розпростерта, з підігнутим тонкоповстистим краєм; біла, білувата; поверхня дуже слизька, гола, блискуча; край рівний, тонкий. • Пластинки: білі, рідкі, товсті; низько спускаються на ніжку; прирослі. • Ніжка: 4–12 см × 0,8–1,5 см; циліндрична, щільна, біла; слизька, вгорі луската, з часом з порожниною; без кільця та піхви. • М’якоть: білий, щільний; на зламі не змінюється; зі слабким грибним запахом; смак м’який. • Споровий порошок: білий.",вересень — листопад.,
Hygrophorus chrysodon,Гігрофор золотистий,edible,0,0,0,0,0,0,,0,1,,Івано-Франківська|АР Крим|Львівська|Полтавська|Тернопільська|Харківська|Чернівецька,"• Шапка: 2–8 см у діаметрі; щільно-товстом’ясиста; спочатку опукла, згодом плоско-розпростерта, з горбочком; біла, до краю лимонно-жовта; поверхня волосисто-шерстиста, пластівчаста; край рівний, тонкий. • Пластинки: білі, згодом жовтуваті, рідкі, товсті; прирослі або злегка спускаються на ніжку. • Ніжка: 5–8 см × 1–1,5 см; циліндрична, щільна, біла; вгорі жовтозерниста, з кільцевидним потовщенням; без справжнього кільця. • М’якоть: білий, щільний; на зламі не змінюється; зі специфічним запахом; смак м’який. • Споровий порошок: білий.",вересень — листопад.,
Hygrophorus hypothejus,Гігрофор пізній,edible,0,0,0,0,0,0,,0,1,,Івано-Франківська|АР Крим|Волинська|Житомирська|Київська|Львівська|Полтавська|Рівненська|Тернопільська|Харківська,"• Шапка: 3–6 (12) см у діаметрі; напівсферична, згодом опукло- або плоско-розпростерта; бурувато-оливкова, оливково-коричнева або рудувата; поверхня дуже слизька, гола, з віком світлішає до жовтої; край рівний, тонкий, іноді хвилястий. • Пластинки: жовтуваті, згодом оранжево-жовті, вузькі; спускаються на ніжку; прирослі. • Ніжка: 5–10 см × 0,6–1 см; циліндрична, лимонно-жовта, вгорі та біля основи біла; слизька, з кільцевидними залишками покривала; без справжнього кільця. • М’якоть: білий, під шкіркою жовтуватий; на зламі не змінюється; з приємним грибним запахом; смак м’який. • Споровий порошок: білий.",вересень — листопад.,
Hygrophorus olivaceo-albus,Гігрофор оливково-білий,edible,0,0,0,0,0,0,,0,1,,Волинська|Житомирська|Київська|Львівська|Полтавська|Рівненська|Сумська|Харківська|Чернігівська,"• Шапка: 2,5–6 (10) см у діаметрі; тупоконусовидна, згодом опукло-розпростерта, часто з горбочком; бурувато-оливкувата або оливково-коричнювата, в центрі темніша, до краю світліша; поверхня слизька, гола; край рівний, тонкий. • Пластинки: білі, рідкі; спускаються на ніжку; прирослі. • Ніжка: 8–12 (14) см × 0,6–1,2 см; циліндрична, білувата, коричнювато-сіра; слизька, вгорі темноплівчасто-луската, з кільцевидним потовщенням, утвореним слизьким покривалом. • М’якоть: білий, під шкіркою жовтуватий; на зламі не змінюється; без особливого запаху; смак м’який. • Споровий порошок: білий.",вересень — листопад.,
Hygrophorus russula,Гігрофор сироїжковидний,edible,0,0,0,0,0,0,,0,1,,Івано-Франківська|Житомирська|Київська|Львівська|Полтавська|Рівненська|Тернопільська|Харківська|Хмельницька,"• Шапка: 3–20 см у діаметрі; щільно-товстом’ясиста, опукла, подушковидна, часто асиметрична; спочатку біла, згодом рожева, пурпурова, з розпливчастими плямами; поверхня слизька, луската; край рівний, іноді хвилястий. • Пластинки: дуже густі, білі, згодом червонуваті; прирослі або злегка спускаються на ніжку. • Ніжка: 3–8 см × 1–3 см; циліндрична, щільна, вгорі біла, нижче кольору шапки; волокниста; без кільця та піхви. • М’якоть: білий, щільний; на зламі в шапці майже не змінюється, в ніжці червоніє; з приємним запахом; смак м’який. • Споровий порошок: білий.",вересень — листопад.,
Hygrophorus pratensis,Гігрофор луговий,edible,0,0,0,0,0,0,,0,1,,Івано-Франківська|Кіровоградська|Львівська|Полтавська|Тернопільська|Харківська,"• Шапка: 3–10 см у діаметрі; щільно-товстом’ясиста, плоско-, опукло- або увігнуто-розпростерта, з горбочком; рудувато-оранжева, іноді рудувато-коричнева, з віком вицвітає; поверхня гола, гладенька, суха; край рівний, тонкий, іноді хвилястий. • Пластинки: дуже рідкі, товсті, кольору шапки, широкі; спускаються на ніжку; прирослі. • Ніжка: 4–7 (10) см × 0,6–1,8 см; циліндрична, донизу злегка потоншується; кольору шапки; гола, гладенька, щільна; без кільця та піхви. • М’якоть: світло-рудуватий, щільний; на зламі не змінюється; з приємним запахом; смак м’який. • Споровий порошок: білий.",вересень — листопад.,
Hygrophorus nemoreus,Гігрофор дібровний,edible,0,0,0,0,0,0,,0,1,,Івано-Франківська|АР Крим|Кіровоградська|Львівська|Полтавська|Тернопільська|Харківська,"• Шапка: 3–8 см у діаметрі; щільно-товстом’ясиста, опукла, згодом плоско-розпростерта; рудувато-оранжева, суха, шорстка, іноді тонковолокниста, майже повстиста; край рівний, тонкий. • Пластинки: кольору шапки, товсті, низько спускаються на ніжку; прирослі. • Ніжка: 4–8 см × 1–1,8 см; циліндрична, щільна, кольору шапки; волокнисто-штрихувата; без кільця та піхви. • М’якоть: щільний, білий; на зламі не змінюється; з приємним запахом; смак м’який. • Споровий порошок: білий.",вересень — листопад.,
Hygrophorus camarophyllus,Гігрофор козячий,edible,0,0,0,0,0,0,,0,1,,Івано-Франківська|Волинська|Житомирська|Закарпатська|Київська|Львівська|Рівненська|Сумська|Чернівецька|Чернігівська,"• Шапка: 5–18 см у діаметрі; щільно-товстом’ясиста, конусовидно-, опукло- або увігнуто-розпростерта; коричнево- або буро-сіра, в центрі темніша; поверхня спочатку клейкувата, згодом суха, грубоволокниста; край рівний, тонкий. • Пластинки: білі, з часом сіруваті, рідкі, товсті, широкі; низько спускаються на ніжку. • Ніжка: 6–12 см × 1–2,5 см; циліндрична, донизу поступово звужується; кольору шапки; волокнисто-штрихувата, щільна, з підземним виростом; без кільця та піхви. • М’якоть: білий, з віком злегка буріє; на зламі не змінюється; без особливого запаху; смак м’який. • Споровий порошок: білий.",вересень — жовтень.,
Hygrophorus virgineus,Гігрофор дівочий,edible,0,0,0,0,0,0,,0,1,,Івано-Франківська|Волинська|Житомирська|Київська|Кіровоградська|Львівська|Полтавська|Рівненська|Тернопільська|Харківська,"• Шапка: 2–5 (6) см у діаметрі; м’ясиста, опукло-розпростерта, з підігнутим, іноді лопатевидним краєм; біла, гола, гладенька, іноді з червонуватими розпливчастими плямами; край рівний, тонкий. • Пластинки: білі, дуже рідкі, товсті; низько спускаються на ніжку; прирослі. • Ніжка: 2–5 (6) см × 0,5–1,5 см; циліндрична, донизу звужена; біла, гола, гладенька; щільна; без кільця та піхви. • М’якоть: білий, щільний; на зламі не змінюється; без особливого запаху; смак м’який. • Споровий порошок: білий.",серпень — жовтень.,
Hygrophorus fornicatus,Гігрофор склепистий,edible,0,0,0,0,0,0,,0,1,,Івано-Франківська|Кіровоградська|Львівська|Полтавська|Тернопільська|Харківська,"• Шапка: 3–6 см у діаметрі; здебільшого асиметрична, конусовидна, дзвоникоподібна, згодом розпростерта, з горбочком; біла, брудно-біла, іноді з оливковим або коричнюватим відтінком у центрі; поверхня гола, гладенька; край рівний, тонкий. • Пластинки: білі, широкоприрослі; рідкі, товсті. • Ніжка: 3–6 (8) см × 0,4–1,2 см; циліндрична, донизу звужена; кольору шапки; гладенька, щільна; без кільця та піхви. • М’якоть: білий, щільний; на зламі не змінюється; без особливого запаху; смак м’який. • Споровий порошок: білий.",серпень — жовтень.,
Hygrophorus foetens,Гігрофор смердючий,inedible,0,0,0,0,0,0,,0,1,,Волинська|Житомирська|Київська|Рівненська,"• Шапка: 1,5–2,5 см у діаметрі; напівкуляста, згодом розпростерта; бура або темно-коричнева, при достиганні тріщинувата; суха, гола або злегка повстиста; край рівний. • Пластинки: брудно-сірі, спускаються на ніжку; рідкі. • Ніжка: 2,5–4 см × 0,3–0,4 см; циліндрична, кольору шапки; щільна; без кільця та піхви. • М’якоть: буруватий, тонкий; на зламі не змінюється; з дуже неприємним запахом; смак м’який. • Споровий порошок: білий.",серпень — жовтень.,
Hygrophorus capreolarius,Гігрофор винно-червоний,edible,0,0,0,0,0,0,,0,1,,Івано-Франківська|Волинська|Житомирська|Закарпатська|Київська|Львівська|Рівненська|Чернівецька,"• Шапка: 4–8 см у діаметрі; напівкуляста, згодом опукло-розпростерта, з тупим горбочком у центрі, зрідка увігнута, з опущеним краєм; кольору вина, коричнево-пурпурова; поверхня волокниста, злегка повстиста; край рівний, тонкий. • Пластинки: кольору шапки, з прожилками, біля ніжки вилочковидно розгалужені; спускаються на ніжку. • Ніжка: 3–6 см × 0,8–2,5 см; донизу злегка потовщена; кольору шапки або світліша; сітчаста, щільна; без кільця та піхви. • М’якоть: пурпуровий, коричнювато-червоний; на зламі не змінюється; з приємним запахом; смак м’який. • Споровий порошок: рожевувато-білий.",серпень — жовтень.,
Hygrophorus marzuolus,Гігрофор ранній,edible,0,0,0,0,0,0,,0,1,,Івано-Франківська|Закарпатська|Львівська|Чернівецька,"• Шапка: 4–10 см у діаметрі; щільно-товстом’ясиста, опукло- або подушковидно-розпростерта, іноді асиметрична; білувата, згодом сіра, до бурувато- або чорнувато-сірої; поверхня суха, гола; край опущений, нерівний, часто хвилястий. • Пластинки: білі, білуваті, сірі, рідкі, вузькі; злегка спускаються на ніжку. • Ніжка: 3–6 см × 1,5–4 см; циліндрична, біла, білувата, сіра; вгорі борошниста, щільна, часто з порожниною, нижче волокниста; без кільця та піхви. • М’якоть: щільний, білий; на зламі згодом сіріє; з приємним запахом; смак м’який. • Споровий порошок: білий.",квітень — травень (навесні або на початку літа).,
Hygrophorus penarius,Гігрофор їстівний,edible,0,0,0,0,0,0,,0,1,,Івано-Франківська|Закарпатська|Львівська|Полтавська|Харківська|Чернівецька,"• Шапка: (5) 6–10 см у діаметрі; опукло-розпростерта, іноді з горбочком; щільном’ясиста; білувата, кольору шкіри, жовтувата, солом’яно-жовта, до краю світліша; поверхня спочатку клейкувата, згодом суха; край рівний, тонкий. • Пластинки: кремові, жовтуваті, дуже низько спускаються на ніжку; рідкі. • Ніжка: 3–6 см × 1,5–2 см; до середини потовщена, з кореневидним виростом; кольору шапки; тонкозерниста, щільна; без кільця та піхви. • М’якоть: білий, щільний; на зламі не змінюється; з приємним запахом; смак м’який. • Споровий порошок: білий.",вересень — листопад.,
Hygrophorus lucorum,Гігрофор модриновий,edible,0,0,0,0,0,0,,0,1,,Івано-Франківська|Кіровоградська|Львівська|Полтавська|Тернопільська|Харківська,"• Шапка: 2–5 см у діаметрі; б.-м. опукло-розпростерта з опущеним краєм; лимонно-жовта, по краю з залишками покривала; поверхня слизька, гола; край рівний, тонкий. • Пластинки: білуваті, згодом жовтіють, злегка спускаються на ніжку; рідкі. • Ніжка: 4–6 см × 0,7–1 см; циліндрична, білувата або світло-лимонно-жовта, з залишками кортини; біловолокниста, вгорі борошнисто-біла, щільна; без справжнього кільця. • М’якоть: білий, під шкіркою жовтий; на зламі не змінюється; без особливого запаху; смак м’який. • Споровий порошок: білий.",вересень — листопад.,
Coprinus comatus,Гнойовик білий,edible,0,0,0,0,0,0,,0,1,,АР Крим|Волинська|Вінницька|Дніпропетровська|Донецька|Житомирська|Запорізька|Київська|Кіровоградська|Луганська|Миколаївська|Одеська|Полтавська|Рівненська|Сумська|Тернопільська|Харківська|Херсонська|Хмельницька|Черкаська|Чернігівська,"• Шапка: 5–15 см у діаметрі; циліндрична, видовжена, біла, з буруватими лусками; поверхня волокнисто-луската; край підігнутий, з часом розпливається. • Пластинки: вільні, білі → рожеві → чорні, розпливаються (автоліз); дуже густі. • Ніжка: 10–20 см × 1–2 см; циліндрична, біла, з рухомим кільцем; щільна, порожниста; з кільцем. • М’якоть: білий, м’який; на зламі не змінюється; без особливого запаху; смак м’який. • Споровий порошок: чорний.",травень — листопад.,
Coprinus atramentarius,Гнойовик сірий,conditionally_edible,0,0,0,0,0,0,,0,1,,АР Крим|Волинська|Вінницька|Дніпропетровська|Донецька|Житомирська|Запорізька|Київська|Кіровоградська|Луганська|Миколаївська|Одеська|Полтавська|Рівненська|Сумська|Тернопільська|Харківська|Хмельницька|Черкаська|Чернігівська,"• Шапка: 3–8 см у діаметрі; дзвоникоподібна, згодом розпростерта; сірувато-коричнева, з лусками; поверхня волокнисто-луската; край підігнутий, з часом розпливається. • Пластинки: білі → чорні, розпливаються (автоліз); вільні, густі. • Ніжка: 5–10 см × 0,5–1,5 см; циліндрична, біла, без кільця; щільна, порожниста. • М’якоть: білий, м’який; на зламі не змінюється; без особливого запаху; смак м’який. • Споровий порошок: чорний.",травень — листопад.,
Coprinus micaceus,Гнойовик мерехтливий,edible,0,0,0,0,0,0,,0,1,,АР Крим|Волинська|Вінницька|Дніпропетровська|Донецька|Житомирська|Запорізька|Київська|Кіровоградська|Луганська|Миколаївська|Одеська|Полтавська|Рівненська|Сумська|Тернопільська|Харківська|Хмельницька|Черкаська|Чернігівська,"• Шапка: 2–5 см у діаметрі; дзвоникоподібна, згодом розпростерта; жовтувато-коричнева, з блискучими зернятками; поверхня зернисто-луската; край підігнутий, з часом розпливається. • Пластинки: білі → чорні, розпливаються (автоліз); вільні, густі. • Ніжка: 3–8 см × 0,2–0,4 см; циліндрична, біла; щільна, порожниста; без кільця. • М’якоть: білий, тонкий; на зламі не змінюється; без особливого запаху; смак м’який. • Споровий порошок: чорний.",травень — листопад.,
Coprinus radians,Гнойовик променистий,inedible,0,0,0,0,0,0,,0,1,,Волинська|Житомирська|Київська|Полтавська|Рівненська|Сумська|Харківська|Чернігівська,"• Шапка: 1–3 см у діаметрі; дзвоникоподібна, згодом розпростерта; жовтувато-оранжева, з волокнистими лусками; поверхня волокнисто-луската; край підігнутий, з часом розпливається. • Пластинки: чорні, розпливаються (автоліз); вільні, густі. • Ніжка: 2–5 см × 0,2–0,3 см; циліндрична, білувата; щільна, порожниста; без кільця. • М’якоть: тонкий, білуватий; на зламі не змінюється; без особливого запаху; смак м’який. • Споровий порошок: чорний.",травень — жовтень.,
Coprinus lagopus,Гнойовик заяча лапа,inedible,0,0,0,0,0,0,,0,1,,Волинська|Житомирська|Київська|Полтавська|Рівненська|Сумська|Харківська|Чернігівська,"• Шапка: 1–3 см у діаметрі; дзвоникоподібна, згодом розпростерта; білувата, з волосками; поверхня волосиста; край підігнутий, з часом розпливається. • Пластинки: чорні, розпливаються (автоліз); вільні, густі. • Ніжка: 3–8 см × 0,2–0,3 см; циліндрична, біла, волосиста; щільна, порожниста; без кільця. • М’якоть: тонкий, білуватий; на зламі не змінюється; без особливого запаху; смак м’який. • Споровий порошок: чорний.",травень — жовтень.,
Hypholoma fasciculare,Опеньок сірчано-жовтий,poisonous,0,0,0,1,0,0,,0,1,,АР Крим|Волинська|Вінницька|Житомирська|Київська|Кіровоградська|Полтавська|Рівненська|Сумська|Тернопільська|Харківська|Хмельницька|Черкаська|Чернігівська,"• Шапка: 2–6 см у діаметрі; спочатку дзвоникоподібна, згодом плоско-розпростерта, часто з горбочком; сірчано-жовта, в центрі оранжево-коричнева; поверхня гладенька, гола; край рівний, тонкий. • Пластинки: сірчано-жовті → оливково-чорні; густі, прирослі. • Ніжка: 3–10 см × 0,3–0,8 см; циліндрична, сірчано-жовта, волокниста; щільна, порожниста; без кільця та піхви. • М’якоть: жовтуватий; на зламі не змінюється; з неприємним запахом; смак дуже гіркий. • Споровий порошок: оливково-чорний.",травень — листопад.,
Hypholoma capnoides,Опеньок димчастий,edible,0,0,0,0,0,0,,0,1,,Волинська|Житомирська|Київська|Полтавська|Рівненська|Сумська|Харківська|Чернігівська,"• Шапка: 2–6 см у діаметрі; спочатку дзвоникоподібна, згодом плоско-розпростерта; жовтувато-коричнева, до краю світліша; поверхня гладенька, гола; край рівний, тонкий. • Пластинки: сірі → димчасто-сірі; густі, прирослі. • Ніжка: 3–8 см × 0,3–0,6 см; циліндрична, жовтувата, волокниста; щільна, порожниста; без кільця та піхви. • М’якоть: білуватий; на зламі не змінюється; з приємним запахом; смак м’який, без гіркоти. • Споровий порошок: темно-коричневий.",серпень — жовтень.,
Stropharia aeruginosa,Строфарія синьо-зелена,inedible,0,0,0,0,0,0,,0,1,,Волинська|Житомирська|Київська|Полтавська|Рівненська|Сумська|Харківська|Чернігівська,"• Шапка: 3–8 см у діаметрі; спочатку напівсферична, згодом плоско-розпростерта; синьо-зелена, з білими пластівцями; поверхня слизька, гола; край рівний, тонкий, з пластівцями. • Пластинки: сірі → темно-коричневі; густі, прирослі. • Ніжка: 4–8 см × 0,5–1 см; циліндрична, синьо-зелена, з кільцем; щільна, порожниста. • М’якоть: синювато-зелений; на зламі не змінюється; без особливого запаху; смак м’який. • Споровий порошок: темно-пурпурово-коричневий.",серпень — жовтень.,
Pholiota squarrosa,Лускатка луската,conditionally_edible,0,0,0,0,0,0,,0,1,,Волинська|Вінницька|Житомирська|Київська|Полтавська|Рівненська|Сумська|Тернопільська|Харківська|Хмельницька|Черкаська|Чернігівська,"• Шапка: 5–12 см у діаметрі; спочатку дзвоникоподібна, згодом плоско-розпростерта; жовтувато-іржава, з відстовбурченими лусками; поверхня луската; край підігнутий, з лусками. • Пластинки: жовтуваті → іржаво-коричневі; густі, прирослі. • Ніжка: 5–10 см × 1–2 см; циліндрична, з кільцем, луската; щільна, порожниста. • М’якоть: жовтуватий; на зламі не змінюється; з запахом редьки; смак м’який. • Споровий порошок: іржаво-коричневий.",серпень — жовтень.,
Pholiota aurivella,Лускатка золотиста,edible,0,0,0,0,0,0,,0,1,,Волинська|Вінницька|Житомирська|Київська|Полтавська|Рівненська|Сумська|Тернопільська|Харківська|Хмельницька|Черкаська|Чернігівська,"• Шапка: 5–15 см у діаметрі; спочатку дзвоникоподібна, згодом плоско-розпростерта; золотисто-жовта, з іржавими лусками; поверхня луската, слизька; край підігнутий, з лусками. • Пластинки: жовтуваті → іржаво-коричневі; густі, прирослі. • Ніжка: 5–10 см × 1–2 см; циліндрична, з кільцем, луската; щільна, порожниста. • М’якоть: жовтуватий; на зламі не змінюється; з приємним запахом; смак м’який. • Споровий порошок: іржаво-коричневий.",серпень — жовтень.,
Cortinarius violaceus,Павутинник фіолетовий,edible,0,0,0,0,0,0,,0,1,,Івано-Франківська|Волинська|Вінницька|Житомирська|Закарпатська|Київська|Львівська|Рівненська|Сумська|Тернопільська|Хмельницька|Черкаська|Чернівецька|Чернігівська,"• Шапка: 5–15 см у діаметрі; спочатку напівсферична, згодом плоско-розпростерта; темно-фіолетова, оксамитова; поверхня тонкоповстиста; край підігнутий, з кортиною. • Пластинки: фіолетові → іржаво-бурі; густі, прирослі. • Ніжка: 6–12 см × 1–2 см; циліндрична, фіолетова, з кортиною; щільна, порожниста; без кільця, з кортиною. • М’якоть: фіолетовий; на зламі не змінюється; з приємним запахом; смак м’який. • Споровий порошок: іржаво-коричневий.",серпень — жовтень.,
Cortinarius armillatus,Павутинник браслетний,edible,0,0,0,0,0,0,,0,1,,Волинська|Житомирська|Київська|Львівська|Рівненська|Сумська|Тернопільська|Хмельницька|Чернігівська,"• Шапка: 4–10 см у діаметрі; спочатку дзвоникоподібна, згодом плоско-розпростерта; іржаво-коричнева; поверхня волокниста; край підігнутий, з кортиною. • Пластинки: брудно-іржаві; густі, прирослі. • Ніжка: 6–12 см × 1–2 см; циліндрична, світло-коричнева, з цегляно-червоними кільцями (браслетами); щільна, порожниста. • М’якоть: буруватий; на зламі не змінюється; без особливого запаху; смак м’який. • Споровий порошок: іржаво-коричневий.",серпень — жовтень.,
Cortinarius triumphans,Павутинник тріумфальний,edible,0,0,0,0,0,0,,0,1,,Волинська|Житомирська|Київська|Львівська|Рівненська|Сумська|Тернопільська|Хмельницька|Чернігівська,"• Шапка: 5–12 см у діаметрі; спочатку напівсферична, згодом плоско-розпростерта; жовтувато-оранжева; поверхня слизька, гола; край підігнутий, з кортиною. • Пластинки: блідо-сірі → іржаво-бурі; густі, прирослі. • Ніжка: 6–12 см × 1–2 см; циліндрична, білувата, з кортиною; щільна, порожниста. • М’якоть: білий; на зламі не змінюється; з приємним запахом; смак м’який. • Споровий порошок: іржаво-коричневий.",серпень — жовтень.,
Inocybe rimosa,Волоконниця тріщинувата,poisonous,0,0,0,1,0,0,,0,1,,Волинська|Вінницька|Житомирська|Київська|Полтавська|Рівненська|Сумська|Тернопільська|Харківська|Хмельницька|Черкаська|Чернігівська,"• Шапка: 1–3 см у діаметрі; спочатку конусовидна, згодом плоско-розпростерта, з горбочком; біла, шовковиста; поверхня гладенька, радіально-волокниста; край рівний, тонкий. • Пластинки: білі → брудно-сірі; густі, прирослі. • Ніжка: 3–6 см × 0,2–0,4 см; циліндрична, біла; щільна, порожниста; без кільця та піхви. • М’якоть: білий; на зламі не змінюється; із запахом землі; смак м’який. • Споровий порошок: брудно-коричневий.",липень — жовтень.,
Inocybe fastigiata,Волоконниця рівновершинна,poisonous,0,0,0,1,0,0,,0,1,,Волинська|Вінницька|Житомирська|Київська|Полтавська|Рівненська|Сумська|Тернопільська|Харківська|Хмельницька|Черкаська|Чернігівська,"• Шапка: 2–6 см у діаметрі; спочатку конусовидна, згодом плоско-розпростерта, з горбочком; жовтувато-коричнева; поверхня радіально-волокниста; край рівний, розтрісканий. • Пластинки: білуваті → брудно-коричневі; густі, прирослі. • Ніжка: 4–8 см × 0,3–0,6 см; циліндрична, білувата; щільна, порожниста; без кільця та піхви. • М’якоть: білий; на зламі не змінюється; з неприємним запахом; смак м’який. • Споровий порошок: брудно-коричневий.",липень — жовтень.,
Macrolepiota rhacodes,Гриб-зонтик червоніючий,edible,0,0,0,0,0,0,,0,1,,АР Крим|Волинська|Вінницька|Житомирська|Київська|Полтавська|Рівненська|Сумська|Тернопільська|Харківська|Хмельницька|Черкаська|Чернігівська,"• Шапка: 5–15 см у діаметрі; спочатку яйцевидна, згодом конусовидно- або плоско-розпростерта; сірувато-коричнева, з великими лусками; поверхня луската; край рівний, з пластівцями. • Пластинки: білі → рожеві; густі, вільні. • Ніжка: 8–15 см × 1–2 см; циліндрична, білувата, з кільцем; щільна, порожниста. • М’якоть: білий; на зламі червоніє; з приємним запахом; смак м’який. • Споровий порошок: білий.",липень — жовтень.,
Lepiota clypeolaria,Лепіота щитоносна,inedible,0,0,0,0,0,0,,0,1,,Волинська|Житомирська|Київська|Полтавська|Рівненська|Сумська|Харківська|Чернігівська,"• Шапка: 3–8 см у діаметрі; спочатку дзвоникоподібна, згодом плоско-розпростерта; білувата, з жовтувато-коричневими лусочками; поверхня луската; край рівний, з пластівцями. • Пластинки: білі; густі, вільні. • Ніжка: 4–8 см × 0,5–1 см; циліндрична, білувата, з кільцем; щільна, порожниста. • М’якоть: білий; на зламі не змінюється; без особливого запаху; смак м’який. • Споровий порошок: білий.",серпень — жовтень.,
Lepiota cristata,Лепіота гребінчаста,poisonous,0,0,0,1,0,0,,0,1,,Волинська|Житомирська|Київська|Полтавська|Рівненська|Сумська|Харківська|Чернігівська,"• Шапка: 2–5 см у діаметрі; спочатку дзвоникоподібна, згодом плоско-розпростерта; білувата, з червонувато-коричневими лусочками; поверхня луската; край рівний, з пластівцями. • Пластинки: білі; густі, вільні. • Ніжка: 3–6 см × 0,2–0,4 см; циліндрична, білувата, з кільцем; щільна, порожниста. • М’якоть: білий; на зламі не змінюється; з неприємним запахом; смак м’який. • Споровий порошок: білий.",серпень — жовтень.,
Lepiota felina,Лепіота котяча,inedible,0,0,0,0,0,0,,0,1,,Волинська|Житомирська|Київська|Рівненська,"• Шапка: 2–4 см у діаметрі; спочатку дзвоникоподібна, згодом плоско-розпростерта; білувата, з чорнуватими лусочками; поверхня луската; край рівний, з пластівцями. • Пластинки: білі; густі, вільні. • Ніжка: 3–5 см × 0,2–0,4 см; циліндрична, білувата, з кільцем; щільна, порожниста. • М’якоть: білий; на зламі не змінюється; без особливого запаху; смак м’який. • Споровий порошок: білий.",серпень — жовтень.,
Lepiota lilacea,Лепіота лілова,inedible,0,0,0,0,0,0,,0,1,,АР Крим|Житомирська|Київська|Кіровоградська|Полтавська|Рівненська|Харківська|Хмельницька,"• Шапка: 2–4 см у діаметрі; спочатку дзвоникоподібна, згодом плоско-розпростерта; сірувато- або червонувато-коричнева, лілувата; поверхня луската; край рівний, з пластівцями. • Пластинки: білі; густі, вільні. • Ніжка: 2–4 см × 0,2–0,4 см; циліндрична, білувата, з кільцем; щільна, порожниста. • М’якоть: рожевуватий; на зламі не змінюється; з приємним запахом; смак м’який. • Споровий порошок: білий.",серпень — жовтень.,
Lyophyllum decastes,Ліофіл груповий,edible,0,0,0,0,0,0,,0,1,,Волинська|Вінницька|Житомирська|Київська|Полтавська|Рівненська|Сумська|Тернопільська|Харківська|Хмельницька|Черкаська|Чернігівська,"• Шапка: 6–18 см у діаметрі; спочатку опукла, згодом плоско-розпростерта; коричнево-сіра, гола; поверхня гладенька, злегка волокниста; край рівний, тонкий, іноді хвилястий. • Пластинки: коричневі → жовтуваті; густі, прирослі. • Ніжка: 7–13 см × 1–3 см; циліндрична, білувата; щільна, волокниста; без кільця та піхви. • М’якоть: білий, щільний; на зламі не змінюється; з приємним запахом; смак м’який. • Споровий порошок: білий.",серпень — жовтень.,
Lyophyllum connatum,Ліофіл зрослий,edible,0,0,0,0,0,0,,0,1,,Кіровоградська|Полтавська|Харківська,"• Шапка: 3–16 см у діаметрі; спочатку опукла, згодом плоско-розпростерта; біла, блискуча; поверхня гладенька; край рівний, тонкий. • Пластинки: білі → сірувато-кремові; густі, прирослі. • Ніжка: 4–10 см × 0,6–2 см; циліндрична, біла; щільна, волокниста; без кільця та піхви. • М’якоть: білий, щільний; на зламі не змінюється; з приємним парфумерним запахом; смак м’який. • Споровий порошок: білий.",серпень — жовтень.,
Lyophyllum ulmarium,Ліофіл в'язовий,edible,0,0,0,0,0,0,,0,1,,Кіровоградська|Полтавська|Харківська,"• Шапка: 7–25 см у діаметрі; спочатку опукла, згодом плоско-розпростерта; біла, кремова, коричнювата; поверхня гладенька; край рівний, тонкий. • Пластинки: білі; густі, прирослі. • Ніжка: 5–8 см × 2–3 см; циліндрична, білувата; щільна, волокниста; без кільця та піхви. • М’якоть: білий, жорсткуватий; на зламі не змінюється; з приємним запахом; смак м’який. • Споровий порошок: білий.",серпень — жовтень.,
Lyophyllum loricatum,Ліофіл панцирний,edible,0,0,0,0,0,0,,0,1,,Кіровоградська|Полтавська|Харківська,"• Шапка: 5–10 см у діаметрі; спочатку опукла, згодом плоско-розпростерта; каштаново-бура, чорнувата, зернисто-складчаста; поверхня складчаста; край рівний, тонкий. • Пластинки: брудно-білуваті; густі, прирослі. • Ніжка: 5–10 см × 0,1–0,15 см; циліндрична, світло-коричнювата; щільна, волокниста; без кільця та піхви. • М’якоть: крихкий, гіркуватий; на зламі не змінюється; без особливого запаху; смак гіркуватий. • Споровий порошок: білий.",серпень — жовтень.,
Lyophyllum immundum,Ліофіл чорніючий,edible,0,0,0,0,0,0,,0,1,,Івано-Франківська|Волинська|Вінницька|Житомирська|Закарпатська|Київська|Львівська|Рівненська|Тернопільська|Хмельницька|Черкаська|Чернівецька,"• Шапка: 4–8 см у діаметрі; спочатку опукла, згодом плоско-розпростерта; брудно-сіра, світло-коричнева; поверхня гладенька; край рівний, тонкий. • Пластинки: білуваті, при дотику чорніють; густі, прирослі. • Ніжка: 4–10 см × 0,6–1,2 см; циліндрична, світло-сіро-коричнева; щільна, волокниста; без кільця та піхви. • М’якоть: на повітрі чорніє; на зламі не змінюється; без особливого запаху; смак м’який. • Споровий порошок: білий.",серпень — жовтень.,
Pleurotus cornucopiae,Плеврот рясний,edible,0,0,0,0,0,0,,0,1,,Волинська|Вінницька|Дніпропетровська|Донецька|Житомирська|Запорізька|Київська|Кіровоградська|Луганська|Миколаївська|Одеська|Полтавська|Рівненська|Сумська|Тернопільська|Харківська|Хмельницька|Черкаська|Чернігівська,"• Шапка: 4–12 см у діаметрі; увігнуто-розпростерта, лійковидна; білувата, жовтувата, світло-вохряна; поверхня гладенька; край рівний, тонкий. • Пластинки: білі, вузькі, низько спускаються на ніжку, з анастомозами; густі. • Ніжка: коротка, ексцентрична, іноді центральна; білувата; щільна, волокниста; без кільця та піхви. • М’якоть: білуватий, щільний; на зламі не змінюється; з запахом борошна; смак м’який. • Споровий порошок: рожевуватий.",травень — жовтень.,
Pleurotus calyptratus,Плеврот ковпаковидний,edible,0,0,0,0,0,0,,0,1,,Дніпропетровська|Донецька|Запорізька|Луганська|Миколаївська|Одеська|Херсонська,"• Шапка: 3–10 см у діаметрі; сидяча, бічна, м’ясиста; сірувато-коричнювата; поверхня гладенька, шовковиста, при зволоженні клейка; край рівний, тонкий. • Пластинки: кремово-білуваті, при підсиханні жовті; густі, низько спускаються. • Ніжка: дуже коротка або відсутня; білувата. • М’якоть: білуватий, щільний; на зламі не змінюється; без особливого запаху; смак м’який. • Споровий порошок: білий.",травень — жовтень.,
Pleurotus eryngii,Плеврот миколайчиковий,edible,0,0,0,0,0,0,,0,1,,Дніпропетровська|Донецька|Запорізька|Луганська|Миколаївська|Одеська|Херсонська,"• Шапка: 4–7 см у діаметрі; опукло- або увігнуто-розпростерта; жовтувато-сірувата, коричнювата; поверхня гладенька; край рівний, тонкий. • Пластинки: білуваті, сіруваті; густі, прирослі. • Ніжка: центральна, ексцентрична; біла; щільна, волокниста; без кільця та піхви. • М’якоть: білий, щільний; на зламі не змінюється; з приємним запахом; смак м’який. • Споровий порошок: білий.",травень — жовтень.,
Lentinus tigrinus,Лентин тигровий,edible,0,0,0,0,0,0,,0,1,,Волинська|Вінницька|Дніпропетровська|Донецька|Житомирська|Запорізька|Київська|Кіровоградська|Луганська|Полтавська|Рівненська|Тернопільська|Харківська|Хмельницька|Черкаська,"• Шапка: 4–10 см у діаметрі; б.-м. лійковидна; сірувато- або вохряно-біла, згодом світлішає; поверхня волокниста, вкрита темно-коричневими лусками; край рівний, тонкий. • Пластинки: білі → жовті; густі, прирослі. • Ніжка: 3–6 см × 0,3–1,8 см; ексцентрична або центральна, донизу звужена; пружна, з кільцем, що швидко зникає, дрібно-темнолуската. • М’якоть: білий, щільний; на зламі не змінюється; зі слабким приємним запахом; смак м’який. • Споровий порошок: білий.",серпень — жовтень.,
Lentinus cyathiformis,Лентин бокаловидний,edible,0,0,0,0,0,0,,0,1,,Дніпропетровська|Донецька|Запорізька|Кіровоградська|Луганська|Полтавська|Харківська,"• Шапка: (5) 10–20 см у діаметрі; товсто-щільном’ясиста, плоско- або увігнуто-розпростерта, іноді асиметрична; кремова, жовтувата, світло-вохряно-червонувата; поверхня тонколуската; край рівний, тонкий. • Пластинки: кремові, вузькі, дуже низько спускаються на ніжку; густі, часто вилочковидно розгалужені. • Ніжка: до 15 см завдовжки, до 1,5 см завтовшки; центральна або ексцентрична; вгорі білобородавчаста, внизу червонуватопластівчаста; щільна. • М’якоть: білий, щільний, еластичний; на зламі не змінюється; без особливого запаху; смак м’який. • Споровий порошок: білий.",серпень — жовтень.,
Lentinus lepideus,Лентин лускатий,edible,0,0,0,0,0,0,,0,1,,Івано-Франківська|Волинська|Дніпропетровська|Донецька|Житомирська|Закарпатська|Запорізька|Київська|Луганська|Львівська|Полтавська|Рівненська|Харківська|Чернівецька,"• Шапка: 5–12 см у діаметрі; опукло-, плоско- або увігнуто-розпростерта; жовтувата, блідо-вохряно-кремова, кольору шкіри; поверхня крупно-коричнево-луската; край рівний, тонкий. • Пластинки: лимонно-жовтуваті, з часом брудно-жовті; густі, прирослі. • Ніжка: 4–6 см × 2 см; центральна, ексцентрична; з кільцем, що швидко зникає, луската; щільна. • М’якоть: білий, дуже щільний; на зламі не змінюється; з приємним запахом; смак м’який. • Споровий порошок: білий.",червень — листопад.,
Schizophyllum commune,Схізофіл звичайний,inedible,0,0,0,0,0,0,,0,1,,АР Крим|Волинська|Вінницька|Дніпропетровська|Донецька|Житомирська|Запорізька|Київська|Кіровоградська|Луганська|Миколаївська|Одеська|Полтавська|Рівненська|Сумська|Тернопільська|Харківська|Херсонська|Хмельницька|Черкаська|Чернігівська,"• Шапка: 2–4 см у діаметрі; сидяча, віяловидна, черепашковидна; сірувато-біла, волосисто-повстиста; поверхня повстиста; край рівний, хвилястий, з поздовжньо розщепленими пластинками. • Пластинки: віяловидні, рожевуваті, з розщепленим краєм; рідкі. • Ніжка: відсутня. • М’якоть: тонка, шкіряста; на зламі не змінюється; без особливого запаху; смак м’який. • Споровий порошок: кремово-рожевий.",серпень — листопад.,
Volvariella speciosa,Вольварієла прекрасна,edible,0,0,0,0,0,0,,0,1,,Івано-Франківська|Дніпропетровська|Донецька|Запорізька|Кіровоградська|Луганська|Львівська|Миколаївська|Одеська|Полтавська|Тернопільська|Харківська,"• Шапка: 10–12 см у діаметрі; спочатку яйцевидна, згодом дзвоникоподібна або плоско-розпростерта; брудно-біла, в центрі темніша; поверхня гладенька; край рівний, тонкий. • Пластинки: рожеві; густі, вільні. • Ніжка: 15–20 см × 2 см; циліндрична, біла, біля основи з білою піхвою; щільна, волокниста. • М’якоть: білий, м’який; на зламі не змінюється; без особливого запаху; смак м’який. • Споровий порошок: рожевий.",червень — жовтень.,
Volvariella bombycina,Вольварієла надеревна,edible,0,0,0,0,0,0,,0,1,,Івано-Франківська|Дніпропетровська|Донецька|Запорізька|Кіровоградська|Луганська|Львівська|Полтавська|Тернопільська|Харківська,"• Шапка: 10–20 см у діаметрі; спочатку яйцевидна, згодом дзвоникоподібна; біла, волокнисто-луската; поверхня волокнисто-луската; край рівний, тонкий. • Пластинки: рожеві; густі, вільні. • Ніжка: 15 см завдовжки; циліндрична, біла, з широкою піхвою; щільна, волокниста. • М’якоть: білий, м’який; на зламі не змінюється; без особливого запаху; смак м’який. • Споровий порошок: рожевий.",червень — жовтень.,
Pluteus atromarginatus,Плютей чорнооторочений,edible,0,0,0,0,0,0,,0,1,,Івано-Франківська|Волинська|Житомирська|Закарпатська|Київська|Львівська|Рівненська|Чернівецька,"• Шапка: 6–8 см у діаметрі; спочатку дзвоникоподібна, згодом плоско-розпростерта; коричнева, фіолетово-коричнева, темнолуската; поверхня луската; край рівний, тонкий. • Пластинки: червонуваті, з темним краєм; густі, вільні. • Ніжка: 5–7 см × 0,7–1 см; циліндрична, кольору шапки, темно-волокнистолуската; щільна, волокниста. • М’якоть: білий, м’який; на зламі не змінюється; без особливого запаху; смак м’який. • Споровий порошок: рожевий.",травень — жовтень.,
Russula cyanoxantha,Сироїжка синьо-жовта,edible,0,0,0,0,0,0,,0,1,,,,серпень — вересень.,
Russula delica,Підгруздь,edible,0,0,0,0,0,0,,0,1,,,,серпень — жовтень.,
Russula foetens,Сироїжка смердюча,conditionally_edible,0,0,0,0,0,0,,0,1,,,,,
Russula turci,Сироїжка синювата,edible,0,0,0,0,0,0,,0,1,,,,липень — вересень.,
Russula vesca,Сироїжка істівна,edible,0,0,0,0,0,0,,0,1,,,,липень — жовтень.,фото Топ-20 грибів (webp)/Сироїжка Russula vesca/large.webp
Russula virescens,Сироїжка луската,edible,0,0,0,0,0,0,,0,1,,,,липень — жовтень.,
Russula xerampelina,Сироїжка буро-червона,edible,0,0,0,0,0,0,,0,1,,,,липень — листопад.,
